DATE,CPI,UNRATE,IMPORTS,EXPORTS,GDP,year,INFLATION,INFLATION_LAGGED,TRADE,TRADE_GDP,UNRATE_c,TRADE_GDP_c,UNRATE_x_TRADE
1957-04-01,27.93,3.9,20.27,24.369,3205.97,1957,3.983618763961272,2.709725315515965,44.638999999999996,1.392371107652286,-1.9145833333333333,-11.905864391281048,22.794769532473506
1957-07-01,28.19,4.2,19.762,23.759,3237.386,1957,4.951600893521979,3.983618763961272,43.521,1.344325329139003,-1.614583333333333,-11.95391016979433,19.30058412831376
1957-10-01,28.32,4.5,19.634,23.022,3203.894,1957,5.988023952095811,4.951600893521979,42.656,1.3313798771120393,-1.3145833333333332,-11.966855621821294,15.731428952852575
1958-01-01,28.64,5.8,19.455,20.534,3120.724,1958,6.985431453119162,5.988023952095811,39.989,1.2814013671186557,-0.014583333333333393,-12.016834131814678,0.17524549775563142
1958-04-01,28.94,7.4,20.075,20.546,3141.224,1958,8.025382605449805,6.985431453119162,40.620999999999995,1.293158335731549,1.5854166666666671,-12.005077163201785,-19.0330494191595
1958-07-01,28.89,7.5,19.739,20.595,3213.884,1958,7.959641255605376,8.025382605449805,40.334,1.2549924017170502,1.6854166666666668,-12.043243097216283,-20.297882636766612
1958-10-01,28.91,6.7,20.823,20.563,3289.032,1958,7.792692020879932,7.959641255605376,41.385999999999996,1.25830335490807,0.885416666666667,-12.039932144025263,-10.660356585855705
1959-01-01,29.01,6.0,21.396,21.915,3352.129,1959,8.125232948192341,7.792692020879932,43.311,1.2920445484049092,0.18541666666666679,-12.006190950528424,-2.22614790541048
1959-04-01,28.98,5.2,22.544,21.776,3427.667,1959,7.61232825844782,8.125232948192341,44.32,1.2930077513364047,-0.614583333333333,-12.00522774759693,7.378212886543943
1959-07-01,29.15,5.1,22.868,24.079,3430.057,1959,6.815683400513017,7.61232825844782,46.947,1.3686944560979601,-0.7145833333333336,-11.929541042835373,8.524651203526114
1959-10-01,29.35,5.7,22.504,23.131,3439.832,1959,6.688476917484554,6.815683400513017,45.635000000000005,1.326663627758565,-0.11458333333333304,-11.971571871174769,1.371742610238772
1960-01-01,29.37,5.2,23.288,26.145,3517.181,1960,6.143838091796172,6.688476917484554,49.433,1.4054721664878775,-0.614583333333333,-11.892763332445456,7.3090941313987665
1960-04-01,29.54,5.2,23.455,26.85,3498.246,1960,5.7644110275689275,6.143838091796172,50.305,1.4380063609020062,-0.614583333333333,-11.860229138031327,7.289099157748416
1960-07-01,29.55,5.5,22.879,27.561,3515.385,1960,4.824405817665833,5.7644110275689275,50.44,1.4348357292302265,-0.3145833333333332,-11.863399769703108,3.7320278442191013
1960-10-01,29.75,6.1,21.742,27.622,3470.278,1960,5.0494350282485945,4.824405817665833,49.364000000000004,1.422479697591951,0.28541666666666643,-11.875755801341382,-3.3895386349661836
1961-01-01,29.84,6.6,21.658,27.56,3493.703,1961,4.189944134078205,5.0494350282485945,49.218,1.4087631375649277,0.7854166666666664,-11.889472361368407,-9.338189750491434
1961-04-01,29.81,7.0,21.899,26.627,3553.021,1961,3.006219765031082,4.189944134078205,48.525999999999996,1.365767328704221,1.1854166666666668,-11.932468170229113,-14.144946643459095
1961-07-01,29.92,7.0,23.326,27.779,3621.252,1961,3.5652474904811493,3.006219765031082,51.105000000000004,1.4112522409376649,1.1854166666666668,-11.886983257995668,-14.0910280704157
1961-10-01,29.98,6.5,23.87,28.442,3692.289,1961,3.7011414735385717,3.5652474904811493,52.312,1.416790505835269,0.6854166666666668,-11.881444993098064,-8.143740422352632
1962-01-01,30.04,5.8,24.314,28.325,3758.147,1962,3.5504998276456368,3.7011414735385717,52.638999999999996,1.4006636781371244,-0.014583333333333393,-11.897571820796209,0.1735062557199454
1962-04-01,30.21,5.6,24.884,29.662,3792.149,1962,4.244306418219468,3.5504998276456368,54.546,1.4383928479603518,-0.21458333333333357,-11.859842650972983,2.544924568854622
1962-07-01,30.22,5.4,25.111,29.593,3838.776,1962,3.6706689536878168,4.244306418219468,54.704,1.4250375640568766,-0.41458333333333286,-11.873197934876456,4.922429977167526
1962-10-01,30.38,5.4,25.55,28.683,3851.421,1962,3.509369676320273,3.6706689536878168,54.233000000000004,1.4081296228067512,-0.41458333333333286,-11.890105876126583,4.929439727810807
1963-01-01,30.44,5.7,25.185,29.161,3893.482,1963,3.643173306094649,3.509369676320273,54.346000000000004,1.3958199883805806,-0.11458333333333304,-11.902415510552753,1.3638184439174994
1963-04-01,30.48,5.7,25.89,31.448,3937.183,1963,3.182125930941093,3.643173306094649,57.338,1.4563204199550797,-0.11458333333333304,-11.841915078978253,1.356886102799588
1963-07-01,30.69,5.6,26.704,31.215,4023.755,1963,3.8578680203045668,3.182125930941093,57.919,1.4394266052480829,-0.21458333333333357,-11.85880889368525,2.544702741769963
1963-10-01,30.75,5.5,26.764,32.474,4050.147,1963,3.3613445378151363,3.8578680203045668,59.238,1.4626135792108288,-0.3145833333333332,-11.835621919722506,3.7232893955793704
1964-01-01,30.94,5.6,26.978,34.192,4135.553,1964,3.686327077747986,3.3613445378151363,61.17,1.479125040834926,-0.21458333333333357,-11.819110458098407,2.5361841191336194
1964-04-01,30.95,5.3,27.726,34.03,4180.592,1964,3.824220060382433,3.686327077747986,61.756,1.477207055842809,-0.5145833333333334,-11.821028443090524,6.082904219673666
1964-07-01,31.02,4.9,28.429,35.375,4245.918,1964,3.676470588235281,3.824220060382433,63.804,1.502713900739487,-0.9145833333333329,-11.795521598193847,10.78798746168145
1964-10-01,31.12,5.1,29.285,36.48,4259.046,1964,3.8025350233489075,3.676470588235281,65.765,1.5441251397613456,-0.7145833333333336,-11.754110359171989,8.399291360824986
1965-01-01,31.28,4.9,28.457,32.969,4362.111,1965,4.127829560585883,3.8025350233489075,61.426,1.4081714105853795,-0.9145833333333329,-11.890064088347954,10.874454447468226
1965-04-01,31.38,4.8,31.679,38.367,4417.225,1965,3.8728897715988087,4.127829560585883,70.04599999999999,1.585746707491694,-1.0145833333333334,-11.71248879144164,11.883295919650164
1965-07-01,31.58,4.4,32.03,37.551,4515.427,1965,4.500330906684313,3.8728897715988087,69.581,1.540961685351131,-1.4145833333333329,-11.757273813582202,16.63164358212982
1965-10-01,31.65,4.2,33.948,39.698,4619.458,1965,4.180381830151414,4.500330906684313,73.646,1.5942562958684765,-1.614583333333333,-11.703979203064858,18.897049754948466
1966-01-01,31.88,4.0,34.99,39.356,4731.888,1966,4.730617608409982,4.180381830151414,74.346,1.5711699008936815,-1.8145833333333332,-11.727065598039653,21.279737783109454
1966-04-01,32.28,3.8,36.24,40.872,4748.046,1966,5.905511811023634,4.730617608409982,77.112,1.6240786209737648,-2.0145833333333334,-11.674156877959568,23.518561877056047
1966-07-01,32.45,3.8,38.171,40.857,4788.254,1966,5.7347670250896154,5.905511811023634,79.02799999999999,1.6504554687366206,-2.0145833333333334,-11.647780030196714,23.46542351916713
1966-10-01,32.85,3.7,38.829,42.594,4827.537,1966,6.829268292682933,5.7347670250896154,81.423,1.6866364773589513,-2.114583333333333,-11.611599021574383,24.553693764370827
1967-01-01,32.9,3.9,39.432,43.886,4870.299,1967,6.334841628959276,6.829268292682933,83.31800000000001,1.7107368561971248,-1.9145833333333333,-11.58749864273621,22.185231776405367
1967-04-01,33.1,3.8,39.02,43.239,4873.287,1967,6.946688206785145,6.334841628959276,82.259,1.687957224764312,-2.0145833333333334,-11.610278274169023,23.38987310650301
1967-07-01,33.4,3.8,39.543,42.845,4919.392,1967,7.672469374597024,6.946688206785145,82.388,1.6747598077160757,-2.0145833333333334,-11.623475691217259,23.416460402931435
1967-10-01,33.7,4.0,41.652,43.896,4956.477,1967,8.290488431876607,7.672469374597024,85.548,1.7259840003292664,-1.8145833333333332,-11.572251498604068,20.99881469850863
1968-01-01,34.1,3.7,44.399,45.452,5057.553,1968,9.015345268542196,8.290488431876607,89.851,1.776570606378223,-2.114583333333333,-11.52166489255511,24.363520554048822
1968-04-01,34.4,3.5,45.416,47.165,5142.033,1968,9.62396430847674,9.015345268542196,92.58099999999999,1.8004746371717177,-2.314583333333333,-11.497760861761616,26.61252566128574
1968-07-01,34.9,3.7,48.24,49.891,5181.859,1968,10.51298290056999,9.62396430847674,98.131,1.8937412229858046,-2.114583333333333,-11.40449427594753,24.115753521014042
1968-10-01,35.3,3.4,48.17,49.116,5202.212,1968,11.532385466034745,10.51298290056999,97.286,1.8700891082485678,-2.4145833333333333,-11.428146390684766,27.594211805840924
1969-01-01,35.7,3.4,43.804,44.042,5283.597,1969,11.982434127979946,11.532385466034745,87.846,1.6626173419358063,-2.4145833333333333,-11.635618156997527,28.095169674916946
1969-04-01,36.3,3.4,52.671,53.775,5299.625,1969,12.45353159851299,11.982434127979946,106.446,2.0085572092365025,-2.4145833333333333,-11.28967828969683,27.259869036997138
1969-07-01,36.8,3.5,52.365,53.596,5334.6,1969,13.405238828967626,12.45353159851299,105.961,1.9862970044614403,-2.314583333333333,-11.311938494471894,26.182424306996403
1969-10-01,37.3,3.7,53.126,56.275,5308.556,1969,13.546423135464213,13.405238828967626,109.401,2.0608429109535624,-2.114583333333333,-11.237392587979771,23.762403076665557
1970-01-01,37.9,3.9,53.517,57.031,5300.652,1970,15.197568389057746,13.546423135464213,110.548,2.0855547581693723,-1.9145833333333333,-11.212680740763961,21.46761166825433
1970-04-01,38.5,4.6,55.204,60.411,5308.164,1970,16.31419939577039,15.197568389057746,115.61500000000001,2.178060059937862,-1.2145833333333336,-11.12017543899547,13.506379751946584
1970-07-01,38.9,5.0,56.431,60.519,5357.077,1970,16.467065868263475,16.31419939577039,116.94999999999999,2.183093504162811,-0.8145833333333332,-11.115141994770523,9.054209416573487
1970-10-01,39.4,5.5,57.888,60.873,5299.672,1970,16.913946587537087,16.467065868263475,118.761,2.2409122677780813,-0.3145833333333332,-11.057323231155252,3.4784495998009217
1971-01-01,39.9,5.9,58.651,63.221,5443.619,1971,17.00879765395893,16.913946587537087,121.872,2.238804736334413,0.08541666666666714,-11.059430762598922,-0.9446597109719964
1971-04-01,40.1,5.9,63.296,62.894,5473.059,1971,16.56976744186047,17.00879765395893,126.19,2.3056575856390364,0.08541666666666714,-10.992577913294298,-0.9389493634272265
1971-07-01,40.6,6.0,65.482,65.717,5518.072,1971,16.332378223495713,16.56976744186047,131.199,2.3776239237182843,0.18541666666666679,-10.92061157521505,-2.0248633962377918
1971-10-01,40.9,5.8,61.939,60.019,5531.032,1971,15.864022662889532,16.332378223495713,121.958,2.2049772989923038,-0.014583333333333393,-11.09325819994103,0.161776682082474
1972-01-01,41.2,5.8,72.173,68.639,5632.649,1972,15.406162464985984,15.864022662889532,140.812,2.4999249908879464,-0.014583333333333393,-10.798310508045388,0.15747536157566255
1972-04-01,41.5,5.7,71.409,67.152,5760.47,1972,14.325068870523427,15.406162464985984,138.561,2.405376644614068,-0.11458333333333304,-10.892858854319266,1.2481400770574127
1972-07-01,41.8,5.6,74.09,71.453,5814.854,1972,13.586956521739136,14.325068870523427,145.543,2.502951922782584,-0.21458333333333357,-10.79528357615075,2.3164879340490176
1972-10-01,42.2,5.6,79.19,76.129,5912.22,1972,13.136729222520117,13.586956521739136,155.31900000000002,2.6270842424672964,-0.21458333333333357,-10.671151256466038,2.2898512071166732
1973-01-01,42.7,4.9,85.36,83.959,6058.544,1973,12.66490765171504,13.136729222520117,169.31900000000002,2.79471437361848,-0.9145833333333329,-10.503521125314855,9.60634536252754
1973-04-01,43.7,5.0,89.468,91.923,6124.506,1973,13.506493506493511,12.66490765171504,181.39100000000002,2.961724586440115,-0.8145833333333332,-10.33651091249322,8.4199495141351
1973-07-01,44.2,4.8,91.139,97.576,6092.301,1973,13.624678663239088,13.506493506493511,188.71499999999997,3.0975980996342756,-1.0145833333333334,-10.200637399299058,10.349396694705504
1973-10-01,45.6,4.6,98.669,107.62,6150.131,1973,15.73604060913707,13.624678663239088,206.289,3.3542212352875076,-1.2145833333333336,-9.944014263645826,12.077833991053161
1974-01-01,46.8,5.1,110.315,116.709,6097.258,1974,17.29323308270676,15.73604060913707,227.024,3.7233786072362363,-0.7145833333333336,-9.574856891697097,6.842033153858553
1974-04-01,48.1,5.1,129.382,126.668,6111.751,1974,19.950124688279303,17.29323308270676,256.05,4.189470415270518,-0.7145833333333336,-9.108765083662817,6.508971716034057
1974-07-01,49.3,5.5,133.61,126.638,6053.978,1974,21.42857142857142,19.950124688279303,260.24800000000005,4.298793289304983,-0.3145833333333332,-8.99944220962835,2.8310745284455843
1974-10-01,51.0,6.0,136.552,136.585,6030.464,1974,24.694376528117367,21.42857142857142,273.137,4.529286635323584,0.18541666666666679,-8.76894886360975,-1.6259092684609757
1975-01-01,52.3,8.1,124.888,141.369,5957.035,1975,26.941747572815512,24.694376528117367,266.257,4.4696228912537865,2.2854166666666664,-8.828612607679547,-20.177058397134296
1975-04-01,53.0,8.8,115.245,136.827,5999.61,1975,27.710843373493965,26.941747572815512,252.072,4.201473095751225,2.9854166666666675,-9.096762403182108,-27.15762609116659
1975-07-01,54.0,8.6,122.055,134.098,6102.326,1975,29.186602870813406,27.710843373493965,256.153,4.197628904126066,2.7854166666666664,-9.100606594807267,-25.34898128595274
1975-10-01,54.9,8.4,128.73,142.531,6184.53,1975,30.094786729857816,29.186602870813406,271.26099999999997,4.386121499936131,2.585416666666667,-8.912113998997203,-23.04152806824069
1976-01-01,55.8,7.9,138.938,143.588,6323.649,1976,30.679156908665096,30.094786729857816,282.52599999999995,4.46776853047979,2.085416666666667,-8.830466968453543,-18.415202990462497
1976-04-01,56.1,7.7,147.116,146.621,6370.025,1976,28.37528604118993,30.679156908665096,293.737,4.611237789490623,1.885416666666667,-8.68699770944271,-16.378610264678446
1976-07-01,57.0,7.8,155.848,151.775,6404.895,1976,28.959276018099533,28.37528604118993,307.62300000000005,4.802935879510906,1.9854166666666666,-8.495299619422429,-16.86670945272828
1976-10-01,57.9,7.7,162.68,156.076,6451.177,1976,26.973684210526304,28.959276018099533,318.756,4.941051842167716,1.885416666666667,-8.357183656765617,-15.756773352860176
1977-01-01,58.7,7.5,176.433,155.354,6527.703,1977,25.427350427350447,26.973684210526304,331.78700000000003,5.082752692639356,1.6854166666666668,-8.215482806293977,-13.846511646441309
1977-04-01,60.0,7.2,183.042,161.906,6654.466,1977,24.74012474012475,25.427350427350447,344.948,5.183706701634661,1.385416666666667,-8.114528797298671,-11.242003437924204
1977-07-01,60.8,6.9,182.904,162.325,6774.457,1977,23.326572008113587,24.74012474012475,345.229,5.096039431647437,1.0854166666666671,-8.202196067285897,-8.902800314699904
1977-10-01,61.6,6.8,187.391,157.809,6774.592,1977,20.78431372549019,23.326572008113587,345.2,5.0955098107753205,0.9854166666666666,-8.202725688158013,-8.083102605205708
1978-01-01,62.7,6.4,203.282,164.601,6796.26,1978,19.88527724665392,20.78431372549019,367.88300000000004,5.413021279350702,0.5854166666666671,-7.885214219582632,-4.616135824380669
1978-04-01,63.9,6.1,208.84,186.215,7058.92,1978,20.566037735849065,19.88527724665392,395.055,5.596536014007809,0.28541666666666643,-7.701699484925525,-2.198193394655825
1978-07-01,65.5,6.2,215.062,191.302,7129.915,1978,21.2962962962963,20.566037735849065,406.36400000000003,5.699422784142588,0.38541666666666696,-7.598812714790745,-2.9287090671589353
1978-10-01,67.1,5.8,221.815,205.415,7225.75,1978,22.22222222222221,21.2962962962963,427.23,5.912604227934817,-0.014583333333333393,-7.385631270998517,0.10770712270206215
1979-01-01,68.5,5.9,229.828,211.669,7238.727,1979,22.75985663082438,22.22222222222221,441.497,6.099097258399164,0.08541666666666714,-7.19913824053417,-0.6149263913789638
1979-04-01,70.6,5.8,243.097,220.908,7246.454,1979,25.846702317290536,22.75985663082438,464.005,6.403200793105151,-0.014583333333333393,-6.8950347058281825,0.10055258945999473
1979-07-01,73.0,5.7,257.306,234.277,7300.281,1979,28.07017543859649,25.846702317290536,491.58299999999997,6.7337544952036765,-0.11458333333333304,-6.564481003729657,0.7521801150106879
1979-10-01,75.2,6.0,280.466,253.664,7318.535,1979,29.879101899827297,28.07017543859649,534.13,7.2983185842521765,0.18541666666666679,-5.999916914681157,-1.112484594597132
1980-01-01,78.0,6.3,304.311,268.508,7341.557,1980,32.879045996592836,29.879101899827297,572.819,7.802418478804972,0.4854166666666666,-5.495817020128362,-2.667761178520642
1980-04-01,80.9,6.9,292.6,277.389,7190.289,1980,34.833333333333336,32.879045996592836,569.989,7.927205707586997,1.0854166666666671,-5.371029791346337,-5.829805252690506
1980-07-01,82.6,7.8,279.202,284.673,7181.743,1980,35.85526315789473,34.833333333333336,563.875,7.851506242983075,1.9854166666666666,-5.446729255950259,-10.814027043584575
1980-10-01,84.7,7.5,299.2,292.517,7315.677,1980,37.5,35.85526315789473,591.717,8.088342336601247,1.6854166666666668,-5.2098931623320865,-8.780840767347204
1981-01-01,87.2,7.5,319.726,305.467,7459.022,1981,39.07496012759171,37.5,625.193,8.38170205155582,1.6854166666666668,-4.916533447377514,-8.286407414434185
1981-04-01,89.1,7.2,321.963,308.455,7403.745,1981,39.43661971830985,39.07496012759171,630.418,8.514852956172856,1.385416666666667,-4.783382542760478,-6.626977897782747
1981-07-01,91.5,7.2,309.9,302.339,7492.405,1981,39.69465648854962,39.43661971830985,612.239,8.17146163348084,1.385416666666667,-5.126773865452494,-7.102717959428977
1981-10-01,93.4,7.9,319.445,304.695,7410.768,1981,39.1952309985097,39.69465648854962,624.14,8.422069075701735,2.085416666666667,-4.876166423231599,-10.168838728447565
1982-01-01,94.4,8.6,309.478,293.202,7295.631,1982,37.81021897810219,39.1952309985097,602.6800000000001,8.260834463804434,2.7854166666666664,-5.0374010351289,-14.031260799931955
1982-04-01,95.0,9.3,299.115,294.729,7328.912,1982,34.56090651558075,37.81021897810219,593.844,8.102757953704453,3.4854166666666675,-5.195477545228881,-18.108404027433167
1982-07-01,97.5,9.8,309.282,279.634,7300.896,1982,33.56164383561644,34.56090651558075,588.9159999999999,8.066352403869333,3.9854166666666675,-5.231883095064001,-20.851234085119657
1982-10-01,98.1,10.4,294.861,265.274,7303.817,1982,30.452127659574458,33.56164383561644,560.135,7.669072212515729,4.585416666666667,-5.629163286417604,-25.812059152927393
1983-01-01,97.9,10.4,295.251,270.703,7400.066,1983,25.51282051282051,30.452127659574458,565.954,7.647958815502457,4.585416666666667,-5.650276683430877,-25.908872875482004
1983-04-01,98.8,10.2,317.949,272.514,7568.456,1983,22.126081582200243,25.51282051282051,590.463,7.801630874249649,4.385416666666666,-5.496604624683685,-24.104901531164906
1983-07-01,99.8,9.4,343.381,278.181,7719.746,1983,20.823244552058107,22.126081582200243,621.5619999999999,8.051586153223173,3.585416666666667,-5.246649345710161,-18.811424008264975
1983-10-01,100.8,8.8,357.972,286.587,7880.794,1983,19.00826446280992,20.823244552058107,644.559,8.17885862769665,2.9854166666666675,-5.119376871236684,-15.283473034337854
1984-01-01,102.1,8.0,387.978,292.975,8034.847,1984,17.08715596330275,19.00826446280992,680.953,8.474996474730633,2.185416666666667,-4.823239024202701,-10.540786950809654
1984-04-01,103.3,7.7,406.501,302.2,8173.67,1984,15.937149270482598,17.08715596330275,708.701,8.670536001575792,1.885416666666667,-4.627699497357542,-8.725141760642867
1984-07-01,104.1,7.5,409.591,305.744,8252.465,1984,13.770491803278674,15.937149270482598,715.335,8.668137338358903,1.6854166666666668,-4.6300981605744305,-7.803644608134822
1984-10-01,105.1,7.4,416.359,308.603,8320.199,1984,12.526766595289063,13.770491803278674,724.962,8.713277170413832,1.5854166666666671,-4.584958328519502,-7.269069350006962
1985-01-01,105.7,7.3,397.308,306.01,8400.82,1985,11.970338983050844,12.526766595289063,703.318,8.372016065098407,1.4854166666666666,-4.926219433834927,-7.31748845067563
1985-04-01,107.0,7.3,418.571,304.126,8474.787,1985,12.631578947368416,11.970338983050844,722.697,8.527612552386273,1.4854166666666666,-4.770622946547061,-7.086362835183446
1985-07-01,107.7,7.4,414.168,297.273,8604.22,1985,10.461538461538456,12.631578947368416,711.441,8.268512427622726,1.5854166666666671,-5.029723071310608,-7.974206785973696
1985-10-01,108.5,7.1,438.867,305.433,8668.188,1985,10.601427115188589,10.461538461538456,744.3,8.586569649850695,1.2854166666666664,-4.711665849082639,-6.0564538101749745
1986-01-01,109.9,6.7,439.418,313.404,8749.127,1986,12.257405515832476,10.601427115188589,752.822,8.604538487097054,0.885416666666667,-4.69369701183628,-4.155877562563374
1986-04-01,108.7,7.1,443.99,315.119,8788.524,1986,10.020242914979761,12.257405515832476,759.109,8.637502725144747,1.2854166666666664,-4.660732773788586,-5.9909835863074115
1986-07-01,109.5,7.0,459.432,320.471,8872.601,1986,9.719438877755504,10.020242914979761,779.903,8.790015464461886,1.1854166666666668,-4.508220034471448,-5.344119165863029
1986-10-01,110.2,7.0,468.628,334.999,8920.193,1986,9.325396825396837,9.719438877755504,803.627,9.009076373123317,1.1854166666666668,-4.289159125810016,-5.084440713720624
1987-01-01,111.4,6.6,477.685,336.451,8986.367,1987,9.10871694417239,9.325396825396837,814.136,9.059678955911771,0.7854166666666664,-4.238556543021563,-3.329032951498185
1987-04-01,112.7,6.3,502.337,355.36,9083.256,1987,9.099709583736693,9.10871694417239,857.697,9.442616171998235,0.4854166666666666,-3.8556193269350985,-1.8715818816164123
1987-07-01,113.8,6.1,517.318,371.854,9162.024,1987,9.317963496637848,9.099709583736693,889.172,9.704973486207852,0.28541666666666643,-3.593262012725482,-1.025576866132064
1987-10-01,115.0,6.0,537.511,392.107,9319.332,1987,9.419600380589909,9.317963496637848,929.6179999999999,9.975157017691826,0.18541666666666679,-3.3230784812415077,-0.61615413506353
1988-01-01,116.0,5.7,542.714,418.727,9367.502,1988,9.744560075685893,9.419600380589909,961.441,10.263579340575536,-0.11458333333333304,-3.034656158357798,0.34772101814516343
1988-04-01,117.2,5.4,546.098,439.471,9490.594,1988,9.532710280373834,9.744560075685893,985.569,10.384692464981644,-0.41458333333333286,-2.91354303395169,1.2079063828258034
1988-07-01,118.5,5.4,552.849,453.586,9546.206,1988,10.027855153203348,9.532710280373834,1006.4350000000001,10.542774794509988,-0.41458333333333286,-2.7554607044233457,1.1423680837088441
1988-10-01,119.9,5.4,574.314,466.619,9673.405,1988,10.50691244239632,10.027855153203348,1040.933,10.760771413995382,-0.41458333333333286,-2.5374640849379517,1.0519903185471913
1989-01-01,121.2,5.4,586.154,485.189,9771.725,1989,10.28207461328481,10.50691244239632,1071.343,10.963703951963446,-0.41458333333333286,-2.334531546969888,0.9678578705145984
1989-04-01,123.1,5.2,595.389,507.229,9846.293,1989,13.247470101195935,10.28207461328481,1102.618,11.198305798943824,-0.614583333333333,-2.0999296999895094,1.2905817947852187
1989-07-01,124.5,5.2,584.427,509.352,9919.228,1989,13.698630136986312,13.247470101195935,1093.779,11.026856122270805,-0.614583333333333,-2.2713793766625283,1.3959519085738448
1989-10-01,125.4,5.3,598.152,515.387,9938.767,1989,13.793103448275868,13.698630136986312,1113.539,11.203995425187047,-0.5145833333333334,-2.0942400737462865,1.07766103794861
1990-01-01,127.5,5.4,626.767,538.232,10047.386,1990,14.452423698384198,13.793103448275868,1164.999,11.595045716368418,-0.41458333333333286,-1.703189782564916,0.7061140973550373
1990-04-01,128.9,5.4,614.759,545.925,10083.855,1990,14.37444543034605,14.452423698384198,1160.684,11.510320209880051,-0.41458333333333286,-1.7879152890532826,0.7412398802533392
1990-07-01,130.5,5.5,630.102,555.149,10090.569,1990,14.674868189806677,14.37444543034605,1185.251,11.746126506840199,-0.3145833333333332,-1.5521089920931352,0.4882676204292986
1990-10-01,133.4,5.9,647.282,568.186,9998.704,1990,16.000000000000014,14.674868189806677,1215.468,12.156255450706412,0.08541666666666714,-1.1419800482269213,-0.0975441291193834
1991-01-01,134.7,6.4,620.317,573.177,9951.916,1991,16.12068965517239,16.000000000000014,1193.4940000000001,11.992605243050686,0.5854166666666671,-1.3056302558826474,-0.7643377122979671
1991-04-01,135.1,6.7,613.921,590.733,10029.51,1991,15.273037542662117,16.12068965517239,1204.654,12.011095257893954,0.885416666666667,-1.2871402410393795,-1.1396554217536177
1991-07-01,136.2,6.8,621.669,600.595,10080.195,1991,14.936708860759484,15.273037542662117,1222.2640000000001,12.125400351878115,0.9854166666666666,-1.1728351470552187,-1.1557313011606634
1991-10-01,137.2,7.0,638.27,615.217,10115.329,1991,14.428690575479553,14.936708860759484,1253.487,12.391954824207895,1.1854166666666668,-0.9062806747254388,-1.0743202164974475
1992-01-01,138.3,7.3,645.823,625.287,10236.435,1992,14.10891089108912,14.428690575479553,1271.1100000000001,12.41750668079268,1.4854166666666666,-0.8807288181406534,-1.3082492652797622
1992-04-01,139.4,7.4,658.951,626.163,10347.429,1992,13.241267262388302,14.10891089108912,1285.114,12.419645498413182,1.5854166666666671,-0.8785900005201519,-1.3929312299913246
1992-07-01,140.5,7.7,677.853,639.365,10449.673,1992,12.851405622489963,13.241267262388302,1317.2179999999998,12.605351382765756,1.885416666666667,-0.6928841161675781,-1.3063752606909547
1992-10-01,141.7,7.3,688.536,641.396,10558.648,1992,12.998405103668254,12.851405622489963,1329.9319999999998,12.595665657193988,1.4854166666666666,-0.7025698417393453,-1.0436089524169858
1993-01-01,142.8,7.3,699.31,643.606,10576.275,1993,12.00000000000001,12.998405103668254,1342.916,12.69743837031469,1.4854166666666666,-0.6007971286186446,-0.8924340681356117
1993-04-01,143.8,7.1,716.281,653.094,10637.847,1993,11.559348332040354,12.00000000000001,1369.375,12.872670569524077,1.2854166666666664,-0.4255649294092567,-0.547028253011482
1993-07-01,144.5,6.9,719.251,650.897,10688.606,1993,10.727969348659006,11.559348332040354,1370.1480000000001,12.81877169015305,1.0854166666666671,-0.4794638087802845,-0.5204180091136007
1993-10-01,145.6,6.8,745.049,671.6,10833.987,1993,9.14542728635681,10.727969348659006,1416.649,13.075971016025772,0.9854166666666666,-0.22226448290756196,-0.21902312586515998
1994-01-01,146.3,6.6,761.827,681.232,10939.116,1994,8.611729769858956,9.14542728635681,1443.059,13.19173322597548,0.7854166666666664,-0.10650227295785442,-0.08364866021898146
1994-04-01,147.2,6.4,797.56,706.988,11087.361,1994,8.956328645447819,8.611729769858956,1504.548,13.569937877913418,0.5854166666666671,0.2717023789800841,0.15905910102792437
1994-07-01,148.4,6.1,833.751,736.883,11152.176,1994,8.957415565345084,8.956328645447819,1570.634,14.083655064267278,0.28541666666666643,0.7854195653339442,0.2241718342723964
1994-10-01,149.4,5.8,860.559,758.646,11279.932,1994,8.892128279883394,8.957415565345084,1619.205,14.354740790990583,-0.014583333333333393,1.056505292057249,-0.015407368842501611
1995-01-01,150.5,5.6,886.899,781.57,11319.951,1995,8.82140274765002,8.892128279883394,1668.469,14.739189242073575,-0.21458333333333357,1.4409537431402413,-0.3092046573821771
1995-04-01,151.8,5.8,908.343,798.851,11353.721,1995,8.895265423242481,8.82140274765002,1707.194,15.036427264682652,-0.014583333333333393,1.7381917657493187,-0.025348629917177668
1995-07-01,152.6,5.7,905.843,831.399,11450.31,1995,8.6120996441281,8.895265423242481,1737.242,15.172008443439521,-0.11458333333333304,1.8737729445061877,-0.21470314989133346
1995-10-01,153.5,5.5,909.201,839.421,11528.067,1995,8.327452364149623,8.6120996441281,1748.622,15.168388594549286,-0.3145833333333332,1.8701530956159527,-0.5883189946625182
1996-01-01,154.7,5.6,936.735,847.94,11614.418,1996,8.333333333333325,8.327452364149623,1784.6750000000002,15.366030394290961,-0.21458333333333357,2.0677948953576273,-0.4437143212954913
1996-04-01,156.1,5.6,952.751,859.042,11808.14,1996,8.553546592489546,8.333333333333325,1811.7930000000001,15.34359348720459,-0.21458333333333357,2.045357988271256,-0.4388997349832075
1996-07-01,157.0,5.5,973.757,859.577,11914.063,1996,8.650519031141869,8.553546592489546,1833.3339999999998,15.387983091914151,-0.3145833333333332,2.0897475929808174,-0.6573997636252152
1996-10-01,158.2,5.2,992.62,903.798,12037.775,1996,8.653846153846146,8.650519031141869,1896.4180000000001,15.753891396042874,-0.614583333333333,2.4556558971095406,-1.5092051867652378
1997-01-01,159.4,5.3,1027.213,918.374,12115.472,1997,8.95420369104578,8.653846153846146,1945.587,16.058697506791315,-0.5145833333333334,2.7604620078579813,-1.4204877415435864
1997-04-01,159.9,5.1,1039.651,954.45,12317.221,1997,8.627717391304369,8.95420369104578,1994.101,16.189536584591607,-0.7145833333333336,2.8913010856582737,-2.0660755674599756
1997-07-01,160.4,4.9,1070.888,974.057,12471.01,1997,8.086253369272246,8.627717391304369,2044.945,16.39758928907923,-0.9145833333333329,3.099353790145898,-2.8346173205709344
1997-10-01,161.5,4.7,1085.344,968.33,12577.495,1997,8.099062918340017,8.086253369272246,2053.674,16.32816391499261,-1.114583333333333,3.0299284160592777,-3.3771077137327357
1998-01-01,162.0,4.6,1098.236,963.021,12703.742,1998,7.641196013289031,8.099062918340017,2061.257,16.225589279127366,-1.2145833333333336,2.927353780194032,-3.5555151121940023
1998-04-01,162.2,4.3,1109.626,947.295,12821.339,1998,6.8511198945981455,7.641196013289031,2056.921,16.04294996021866,-1.5145833333333334,2.7447144612853265,-4.1570987778217345
1998-07-01,163.2,4.5,1109.897,935.263,12982.752,1998,6.946264744429875,6.8511198945981455,2045.1599999999999,15.752900463630514,-1.3145833333333332,2.45466496469718,-3.226861651508168
1998-10-01,163.9,4.5,1145.0,966.337,13191.67,1998,6.775244299674266,6.946264744429875,2111.337,16.005077446600772,-1.3145833333333332,2.7068419476674386,-3.558369310371153
1999-01-01,164.7,4.3,1173.324,960.764,13315.597,1999,6.464124111182934,6.775244299674266,2134.088,16.026979488790477,-1.5145833333333334,2.7287439898571435,-4.132910167971132
1999-04-01,165.9,4.3,1222.126,974.597,13426.748,1999,6.2780269058296145,6.464124111182934,2196.723,16.360797119302458,-1.5145833333333334,3.0625616203691237,-4.638504787517403
1999-07-01,166.7,4.3,1281.712,1005.309,13604.771,1999,6.1783439490445735,6.2780269058296145,2287.0209999999997,16.810433633906808,-1.5145833333333334,3.512198134973474,-5.319516758595241
1999-10-01,168.1,4.1,1332.679,1030.971,13827.98,1999,6.257901390644749,6.1783439490445735,2363.65,17.093241384497233,-1.7145833333333336,3.7950058855638993,-6.50685384128977
2000-01-01,169.3,4.0,1409.487,1052.904,13878.147,2000,6.210790464240912,6.257901390644749,2462.391,17.74293787203724,-1.8145833333333332,4.444702373103905,-8.065282847861459
2000-04-01,170.9,3.8,1455.86,1093.36,14130.908,2000,6.879299562226393,6.210790464240912,2549.22,18.040029699436158,-2.0145833333333334,4.741794200502824,-9.552739566429647
2000-07-01,172.7,4.0,1518.869,1125.002,14145.312,2000,7.668329177057354,6.879299562226393,2643.871,18.690793105164456,-1.8145833333333332,5.392557606231122,-9.78524515630689
2000-10-01,173.9,3.9,1524.52,1113.177,14229.765,2000,7.6780185758513975,7.668329177057354,2637.697,18.53647618214356,-1.9145833333333333,5.2382406832102255,-10.029048308062912
2001-01-01,175.6,4.2,1499.464,1096.812,14183.12,2001,8.39506172839506,7.6780185758513975,2596.276,18.305394017677347,-1.614583333333333,5.0071585187440135,-8.084474691722104
2001-04-01,176.4,4.4,1422.028,1058.013,14271.694,2001,8.75462392108508,8.39506172839506,2480.041,17.377341470465947,-1.4145833333333329,4.079105971532613,-5.770235322230507
2001-07-01,177.4,4.6,1369.536,998.902,14214.516,2001,8.700980392156875,8.75462392108508,2368.438,16.662107946552666,-1.2145833333333336,3.3638724476193325,-4.085703410337648
2001-10-01,177.6,5.3,1323.208,953.52,14253.574,2001,8.358755338621094,8.700980392156875,2276.728,15.973032447861849,-0.5145833333333334,2.674796948928515,-1.376405929969465
2002-01-01,177.7,5.7,1356.041,969.157,14372.785,2002,7.893139040680031,8.358755338621094,2325.198,16.17778322016227,-0.11458333333333304,2.879547721228935,-0.3299481763908146
2002-04-01,179.3,5.9,1432.413,1004.154,14460.848,2002,8.077154912597951,7.893139040680031,2436.567,16.8494060652598,0.08541666666666714,3.5511705663264657,0.3033291525403873
2002-07-01,180.0,5.8,1463.107,1015.56,14519.633,2002,7.97840431913619,8.077154912597951,2478.667,17.071140847705998,-0.014583333333333393,3.772905348772664,-0.05502153633626824
2002-10-01,181.2,5.7,1499.335,1003.046,14537.58,2002,7.792980368828073,7.97840431913619,2502.3810000000003,17.21318816474269,-0.11458333333333304,3.9149526658093556,-0.44858832629065415
2003-01-01,182.6,5.8,1529.463,1004.201,14614.141,2003,7.855877141169509,7.792980368828073,2533.6639999999998,17.337070991719592,-0.014583333333333393,4.038835492786259,-0.05889968426979984
2003-04-01,183.2,6.0,1527.336,1007.465,14743.567,2003,7.197191339964881,7.855877141169509,2534.801,17.192589825786392,0.18541666666666679,3.8943543268530583,0.722078198104005
2003-07-01,183.7,6.2,1556.304,1037.31,14988.782,2003,6.369426751592355,7.197191339964881,2593.614,17.303700861083975,0.38541666666666696,4.005465362150641,1.5437731083288941
2003-10-01,184.9,6.0,1615.376,1091.682,15162.76,2003,6.3254744105808,6.369426751592355,2707.058,17.85333277055101,0.18541666666666679,4.555097271617676,0.844590952445778
2004-01-01,186.3,5.7,1699.644,1133.669,15248.68,2004,6.093394077448755,6.3254744105808,2833.313,18.58070993686011,-0.11458333333333304,5.282474437926776,-0.6052835293457749
2004-04-01,187.4,5.6,1787.734,1170.152,15366.85,2004,6.235827664399096,6.093394077448755,2957.886,19.24848618942724,-0.21458333333333357,5.950250690493906,-1.276824627335152
2004-07-01,189.1,5.5,1832.856,1180.185,15512.619,2004,6.595264937993228,6.235827664399096,3013.041,19.423161234089488,-0.3145833333333332,6.124925735156154,-1.9267995541845393
2004-10-01,190.8,5.5,1921.78,1221.444,15670.88,2004,7.432432432432434,6.595264937993228,3143.224,20.0577376637432,-0.3145833333333332,6.7595021648098665,-2.1264267226797697
2005-01-01,191.6,5.3,1955.063,1258.408,15844.727,2005,7.8221722003376515,7.432432432432434,3213.471,20.281012099482684,-0.5145833333333334,6.98277660054935,-3.5932204590326866
2005-04-01,193.7,5.2,2002.063,1294.853,15922.782,2005,8.031232571109847,7.8221722003376515,3296.916,20.705653069922082,-0.614583333333333,7.407417570988748,-4.552475382170166
2005-07-01,194.9,5.0,2053.275,1302.315,16047.587,2005,8.277777777777784,8.031232571109847,3355.59,20.910246506219284,-0.8145833333333332,7.61201100728595,-6.200617299685013
2005-10-01,199.1,5.0,2155.529,1350.743,16136.734,2005,9.878587196467992,8.277777777777784,3506.272,21.728510862235197,-0.8145833333333332,8.430275363301863,-6.867161806356308
2006-01-01,199.3,4.7,2204.784,1413.966,16353.835,2006,9.145673603504934,9.878587196467992,3618.75,22.127837293209822,-1.114583333333333,8.829601794276488,-9.841326999870667
2006-04-01,200.7,4.7,2253.809,1459.767,16396.151,2006,9.552401746724893,9.145673603504934,3713.576,22.64907172421137,-1.114583333333333,9.350836225278037,-10.422286209424476
2006-07-01,202.9,4.7,2298.702,1475.417,16420.738,2006,10.451823625476319,9.552401746724893,3774.119,22.983857363779872,-1.114583333333333,9.685621864846539,-10.795432703526869
2006-10-01,201.9,4.4,2269.198,1531.531,16561.866,2006,9.194159004867487,10.451823625476319,3800.729,22.948676193854,-1.4145833333333329,9.650440694920665,-13.651352566356518
2007-01-01,203.437,4.6,2317.264,1577.991,16611.69,2007,9.198604401502951,9.194159004867487,3895.255,23.448878470522867,-1.2145833333333336,10.150642971589534,-12.32880177590979
2007-04-01,205.904,4.5,2368.569,1622.764,16713.314,2007,9.874066168623251,9.198604401502951,3991.3329999999996,23.88115845846012,-1.3145833333333332,10.582922959526787,-13.912134140544588
2007-07-01,207.603,4.7,2414.664,1685.71,16809.587,2007,9.784769962982566,9.874066168623251,4100.374,24.393068074783752,-1.114583333333333,11.094832575850418,-12.366115475166609
2007-10-01,209.19,4.7,2480.413,1750.714,16915.191,2007,9.638364779874209,9.784769962982566,4231.127,25.013770166709914,-1.114583333333333,11.71553466777658,-13.057939681792643
2008-01-01,212.174,5.0,2584.568,1813.321,16843.003,2008,10.73799582463466,9.638364779874209,4397.889,26.111074135651464,-0.8145833333333332,12.81283863671813,-10.437124806159975
2008-04-01,213.942,5.0,2681.686,1905.282,16943.291,2008,10.450180691791445,10.73799582463466,4586.968,27.072473700652367,-0.8145833333333332,13.774238201719033,-11.220264868483627
2008-07-01,219.016,5.8,2709.569,1922.215,16854.295,2008,12.373524884556165,10.450180691791445,4631.784,27.481327459855187,-0.014583333333333393,14.183091960921853,-0.20683675776344454
2008-10-01,216.995,6.5,2328.779,1700.304,16485.35,2008,8.98794575590156,12.373524884556165,4029.083,24.440384947847637,0.6854166666666668,11.142149448914303,7.63701493477668
2009-01-01,211.933,7.8,1932.761,1511.768,16298.262,2009,6.338685398896127,8.98794575590156,3444.529,21.134333219088024,1.9854166666666666,7.83609772015469,15.55791901522379
2009-04-01,212.709,9.0,1879.461,1521.093,16269.145,2009,5.983557548579976,6.338685398896127,3400.554,20.90186054645158,3.185416666666667,7.603625047518246,24.220713953448747
2009-07-01,214.726,9.5,2018.722,1594.725,16326.281,2009,5.828486939379007,5.983557548579976,3613.447,22.132701256336333,3.685416666666667,8.834465757402999,32.55868734342897
2009-10-01,216.509,10.0,2176.763,1703.508,16502.754,2009,7.235760277365033,5.828486939379007,3880.2709999999997,23.51286942773309,4.185416666666667,10.214633928799756,42.75249908949731
2010-01-01,217.488,9.8,2269.069,1759.877,16582.71,2010,6.906806529785636,7.235760277365033,4028.946,24.296064997820018,3.9854166666666675,10.997829498886684,43.83093298202132
2010-04-01,217.403,9.9,2362.255,1819.741,16743.162,2010,5.5846413862771005,6.906806529785636,4181.996,24.977337016747494,4.085416666666667,11.67910151781416,47.71399599256994
2010-07-01,217.605,9.4,2431.195,1877.253,16872.266,2010,4.8178494530425775,5.5846413862771005,4308.448,25.535680862309786,3.585416666666667,12.237445363376452,43.876340563272656
2010-10-01,219.035,9.4,2495.702,1972.116,16960.864,2010,4.7062479085998365,4.8178494530425775,4467.818,26.341924562333617,3.585416666666667,13.043689063400283,46.7670601627331
2011-01-01,221.187,9.1,2608.884,2040.407,16920.632,2011,4.247928586914518,4.7062479085998365,4649.291,27.477052866583236,3.2854166666666664,14.178817367649902,46.58332289329978
2011-04-01,224.093,9.1,2697.224,2116.132,17035.114,2011,4.744743902553017,4.247928586914518,4813.356,28.255496264950146,3.2854166666666664,14.957260766016812,49.14083380835107
2011-07-01,225.395,9.0,2723.903,2156.793,17031.313,2011,2.912572597435803,4.744743902553017,4880.696,28.65719160936095,3.185416666666667,15.358956110427616,48.924674776757975
2011-10-01,226.75,8.8,2751.911,2150.123,17222.583,2011,4.4954952879098675,2.912572597435803,4902.034,28.462826975489104,2.9854166666666675,15.16459147655577,45.27262413730089
2012-01-01,227.842,8.3,2792.253,2189.981,17367.01,2012,7.506617657467229,4.4954952879098675,4982.234,28.68792037316729,2.4854166666666675,15.389684874233957,38.24977928116899
2012-04-01,229.187,8.2,2780.827,2215.586,17444.525,2012,7.746733800638439,7.506617657467229,4996.4130000000005,28.64172569903738,2.385416666666666,15.343490200104046,36.60061724816485
2012-07-01,228.59,8.2,2750.817,2227.734,17469.65,2012,6.456600504829413,7.746733800638439,4978.5509999999995,28.498287029219238,2.385416666666666,15.200051530285904,36.258456254536156
2012-10-01,231.638,7.8,2753.373,2237.498,17489.852,2012,6.987700280357867,6.456600504829413,4990.871,28.535810365919623,1.9854166666666666,15.23757486698629,30.252935100495694
2013-01-01,231.679,8.0,2755.277,2255.929,17662.4,2013,6.524957698815559,6.987700280357867,5011.206,28.37216912763837,2.185416666666667,15.073933628705035,32.94282578439913
2013-04-01,231.797,7.6,2759.783,2261.403,17709.671,2013,6.62088379645176,6.524957698815559,5021.186,28.352790969408748,1.7854166666666664,15.054555470475414,26.878654246244643
2013-07-01,232.9,7.3,2767.183,2285.116,17860.45,2013,7.028790698743137,6.62088379645176,5052.299,28.287635529899863,1.4854166666666666,14.989400030966529,22.26550462933153
2013-10-01,233.669,7.2,2783.259,2349.24,18016.147,2013,6.681124021275142,7.028790698743137,5132.499,28.488327720683003,1.385416666666667,15.19009222174967,21.044606932215693
2014-01-01,235.288,6.6,2853.69,2343.602,17953.974,2014,6.3751486298923465,6.681124021275142,5197.2919999999995,28.94786413303261,0.7854166666666664,15.649628634099276,12.291479156365469
2014-04-01,236.468,6.2,2900.572,2395.168,18185.911,2014,5.522260847059024,6.3751486298923465,5295.74,29.120014939037148,0.38541666666666696,15.821779440103814,6.097977492540016
2014-07-01,237.498,6.2,2888.549,2399.191,18406.941,2014,5.369684331950575,5.522260847059024,5287.74,28.72688080001995,0.38541666666666696,15.428645301086615,5.946457043127137
2014-10-01,237.43,5.7,2906.969,2376.218,18500.031,2014,4.710033076074982,5.369684331950575,5283.187,28.55771971409129,-0.11458333333333304,15.259484215157958,-1.7484825663201782
2015-01-01,234.747,5.7,2825.476,2299.045,18666.621,2015,3.030608930750267,4.710033076074982,5124.521000000001,27.452858232885326,-0.11458333333333304,14.154622733951992,-1.621883854931995
2015-04-01,236.222,5.4,2809.968,2300.441,18782.243,2015,3.0695458293882316,3.030608930750267,5110.409,27.20872581618713,-0.41458333333333286,13.910490317253796,-5.767057444028129
2015-07-01,238.034,5.2,2798.806,2260.724,18857.418,2015,4.13141432258628,3.0695458293882316,5059.530000000001,26.83044942844243,-0.614583333333333,13.532213929509098,-8.316673144177463
2015-10-01,237.733,5.0,2745.517,2222.279,18892.206,2015,2.631260846665917,4.13141432258628,4967.796,26.295478675174305,-0.8145833333333332,12.997243176240971,-10.58733767064629
2016-01-01,237.652,4.8,2693.639,2181.957,19001.69,2016,2.578136128004682,2.631260846665917,4875.596,25.65874930072009,-1.0145833333333334,12.360513801786755,-12.54077129472948
2016-04-01,238.992,5.1,2711.306,2221.936,19062.709,2016,3.104009111420769,2.578136128004682,4933.242,25.879018559219467,-0.7145833333333336,12.580783060286134,-8.990017895162802
2016-07-01,240.101,4.8,2751.229,2270.0,19197.938,2016,3.0918849291541317,3.104009111420769,5021.228999999999,26.15504331767297,-1.0145833333333334,12.856807818739636,-13.044302932762923
2016-10-01,241.741,4.9,2799.145,2268.339,19304.352,2016,3.454459085287298,3.0918849291541317,5067.484,26.25047450440191,-0.9145833333333329,12.952239005468577,-11.845901923751464
2017-01-01,243.618,4.7,2873.148,2339.728,19398.343,2017,3.5403420488932635,3.454459085287298,5212.876,26.872790114083458,-1.114583333333333,13.574554615150124,-15.129972331469405
2017-04-01,244.193,4.4,2903.18,2349.681,19506.949,2017,3.266826801089384,3.5403420488932635,5252.861,26.92815262909643,-1.4145833333333329,13.629917130163097,-19.28065360704321
2017-07-01,244.243,4.3,2916.022,2384.524,19660.766,2017,2.8400239159908747,3.266826801089384,5300.546,26.960017732778063,-1.5145833333333334,13.661782233844729,-20.691907675010665
2017-10-01,246.626,4.2,3034.004,2479.107,19882.352,2017,3.8731415575116834,2.8400239159908747,5513.111,27.728666105498988,-1.614583333333333,14.430430606565654,-23.299132750184125
2018-01-01,248.859,4.0,3093.299,2517.268,20044.077,2018,6.011578422727437,3.8731415575116834,5610.567,27.99114671132025,-1.8145833333333332,14.692911212386917,-26.66151180414376
2018-04-01,250.227,4.0,3105.995,2562.172,20150.476,2018,5.928744994115709,6.011578422727437,5668.1669999999995,28.129196550989665,-1.8145833333333332,14.830961052056331,-26.912014742377217
2018-07-01,251.214,3.8,3153.747,2535.501,20276.154,2018,5.537024122604328,5.928744994115709,5689.248,28.058812336895844,-2.0145833333333334,14.76057683796251,-29.736412088145308
2018-10-01,252.772,3.8,3171.622,2537.415,20304.874,2018,6.326004383068384,5.537024122604328,5709.037,28.11658422504863,-2.0145833333333334,14.818348726115296,-29.852798371153106
2019-01-01,252.561,4.0,3132.539,2540.244,20431.641,2019,6.273458670661314,6.326004383068384,5672.783,27.764695943903874,-1.8145833333333332,14.46646044497054,-26.25059801576946
2019-04-01,255.233,3.7,3165.41,2547.448,20602.275,2019,6.795624958157598,6.273458670661314,5712.858,27.729258055239043,-2.114583333333333,14.43102255630571,-30.515599780521445
2019-07-01,255.802,3.7,3117.952,2532.405,20843.322,2019,6.539331364717338,6.795624958157598,5650.357,27.108716163383168,-2.114583333333333,13.810480664449834,-29.203412238367875
2019-10-01,257.155,3.6,3050.824,2537.466,20985.448,2019,6.376245651337564,6.539331364717338,5588.29,26.62935763868372,-2.214583333333333,13.331122139750388,-29.52288090532221
2020-01-01,259.127,3.6,2932.536,2430.941,20709.212,2020,6.366114162336123,6.376245651337564,5363.477,25.898991231535028,-2.214583333333333,12.600755732601694,-27.905423632824167
2020-04-01,256.032,14.8,2356.583,1829.691,19077.992,2020,4.848214322277866,6.366114162336123,4186.274,21.94294871284148,8.985416666666667,8.644713213908148,77.67635019080384
2020-07-01,258.352,10.2,2804.369,2116.753,20558.879,2020,5.7766240997694895,4.848214322277866,4921.122,23.936723398196953,4.385416666666666,10.63848789926362,46.65420214156232
2020-10-01,260.319,6.9,3036.076,2277.965,20791.917,2020,5.552131567636831,5.7766240997694895,5314.041,25.558206104805052,1.0854166666666671,12.259970605871718,13.3071764284566
2021-01-01,262.687,6.4,3182.082,2393.033,21082.134,2021,5.556560140481159,5.552131567636831,5575.115,26.444737520404722,0.5854166666666671,13.146502021471388,7.696181391736381
2021-04-01,266.614,6.1,3348.435,2522.815,21440.929,2021,6.548853640894059,5.556560140481159,5871.25,27.383375039393115,0.28541666666666643,14.085139540459782,4.020133577172893
2021-07-01,271.903,5.4,3454.82,2581.341,21617.828,2021,8.235607888095409,6.548853640894059,6036.161,27.922143704723712,-0.41458333333333286,14.623908205790379,-6.062828610317254
2021-10-01,276.55,4.5,3686.382,2777.597,21988.737,2021,9.406896333454661,8.235607888095409,6463.979,29.396772538595556,-1.3145833333333332,16.098537039662222,-21.162868483389296
2022-01-01,282.543,4.0,3914.397,2865.226,21932.71,2022,11.871191514129254,9.406896333454661,6779.623,30.91101373245714,-1.8145833333333332,17.612778233523805,-31.959853836248403
2022-04-01,288.561,3.7,4089.904,3093.734,21967.045,2022,13.057872610516652,11.871191514129254,7183.638,32.70188593868679,-2.114583333333333,19.40365043975346,-41.030635825728666
2022-07-01,294.913,3.5,3984.675,3129.075,22125.625,2022,15.28955989398051,13.057872610516652,7113.75,32.151634134628964,-2.314583333333333,18.85339863569563,-43.63776225887051
2022-10-01,298.007,3.6,3908.3,3057.684,22278.345,2022,15.886138710116482,15.28955989398051,6965.984,31.26795998535798,-2.214583333333333,17.969724486424646,-39.79545235222791
2023-01-01,300.42,3.5,3880.433,3085.516,22439.607,2023,15.935429345456086,15.886138710116482,6965.9490000000005,31.04309714515054,-2.314583333333333,17.744861646217206,-41.07196101864024
2023-04-01,302.845,3.4,3813.697,3016.211,22580.499,2023,18.284042619672558,15.935429345456086,6829.907999999999,30.246931212636174,-2.4145833333333333,16.94869571370284,-40.92403819204498
2023-07-01,304.609,3.5,3847.616,3082.082,22840.989,2023,17.90464172911377,18.284042619672558,6929.698,30.338870177644235,-2.314583333333333,17.0406346787109,-39.44196901676627
2023-10-01,307.696,3.9,3897.676,3109.632,23033.78,2023,18.19959357557459,17.90464172911377,7007.308,30.421876044661367,-1.9145833333333333,17.123640545728033,-32.784636794841795
2024-01-01,309.698,3.7,3986.579,3164.101,23082.119,2024,17.89620346648291,18.19959357557459,7150.68,30.97930480299491,-2.114583333333333,17.681069304061577,-37.3880944658802
2024-04-01,313.023,3.9,4087.002,3192.632,23286.508,2024,17.406812845537022,17.89620346648291,7279.634,31.26116633717687,-1.9145833333333333,17.962930838243537,-34.391528000720434
2024-07-01,313.569,4.2,4194.811,3256.486,23478.57,2024,15.32384710724044,17.406812845537022,7451.297,31.736587875667045,-1.614583333333333,18.43835237673371,-29.770256441601298
2024-10-01,315.631,4.1,4186.921,3248.255,23586.542,2024,14.131621768215496,15.32384710724044,7435.176,31.522959151875675,-1.7145833333333336,18.22472365294234,-31.24780742994073
2025-01-01,318.961,4.0,4558.265,3293.661,23548.21,2025,12.889365512506057,14.131621768215496,7851.926,33.3440461079632,-1.8145833333333332,20.045810609029868,-36.37479383430211
2025-04-01,320.302,4.2,4167.305,3267.506,23770.976,2025,10.99975395150421,12.889365512506057,7434.811,31.27684366010045,-1.614583333333333,17.978608161167116,-29.027961093551067
2025-07-01,322.169,4.3,4123.437,3366.868,24026.834,2025,9.242047654732065,10.99975395150421,7490.305,31.17474820028307,-1.5145833333333334,17.876512701349736,-27.075468195585955
2026-01-01,326.588,4.3,4421.218,3526.176,24152.656,2026,8.71047200585846,8.107863238111857,7947.394,32.90484491643487,-1.5145833333333334,19.606609417501534,-29.695843846924202
