Countries,Year,Trade_GDP,Inflation_Rate,Unemployment_Rate,LFPR,Tariff_Rate,Unemployment_Rate_Lag,Trade_GDP_Lag,Inflation_Lagged,POST_WTO,Interaction
Australia,1993,35.3502769485307,1.75365751770527,10.879,62.597,9.75,10.733,32.9981716307874,1.01222824105977,0,0.0
Australia,1996,38.1740208800895,2.61537902431631,8.509,63.649,6.81,8.473,37.646874037201,4.62776445368168,0,0.0
Australia,1997,37.9217014956962,0.224895027032537,8.367,63.26,6.82,8.509,38.1740208800895,2.61537902431631,0,0.0
Australia,1998,39.9240664596368,0.860129922016289,7.684,63.133,6.49,8.367,37.9217014956962,0.224895027032537,0,0.0
Australia,1999,38.9602467102359,1.48313946657267,6.876,62.908,6.1,7.684,39.9240664596368,0.860129922016289,0,0.0
Australia,2000,40.8631257691954,4.45743705920869,6.288,63.282,5.83,6.876,38.9602467102359,1.48313946657267,0,0.0
Australia,2001,44.1337313971929,4.40712998561533,6.747,63.444,4.8,6.288,40.8631257691954,4.45743705920869,1,297.7702857368605
Australia,2002,41.3813128146921,2.98157117047457,6.375,63.508,3.69,6.747,44.1337313971929,4.40712998561533,1,263.80586919366215
Australia,2003,40.1348011794482,2.73259754838937,5.933,63.715,3.74,6.375,41.3813128146921,2.98157117047457,1,238.1197753976662
Australia,2004,36.9505159618289,2.34325687131265,5.399,63.577,3.69,5.933,40.1348011794482,2.73259754838937,1,199.49583567791422
Australia,2005,39.0978822564811,2.69182949622197,5.036,64.509,3.07,5.399,36.9505159618289,2.34325687131265,1,196.8969350436388
Australia,2006,41.4878923489153,3.55528696972984,4.785,64.85,3.38,5.036,39.0978822564811,2.69182949622197,1,198.51956488955972
Australia,2007,41.9297451276561,2.32761442623159,4.381,65.275,3.45,4.785,41.4878923489153,3.55528696972984,1,183.69421340426138
Australia,2008,42.7522207880308,4.35029726664093,4.242,65.564,3.15,4.381,41.9297451276561,2.32761442623159,1,181.35492058282665
Australia,2009,45.5936120867789,1.77112025681656,5.565,65.502,3.67,4.242,42.7522207880308,4.35029726664093,1,253.72845126292458
Australia,2010,40.3905070860606,2.9183370211222,5.214,65.48,2.8,5.565,45.5936120867789,1.77112025681656,1,210.59610394672
Australia,2011,41.7219860149689,3.30384784681081,5.083,65.514,1.77,5.214,40.3905070860606,2.9183370211222,1,212.07285491408692
Australia,2012,43.0198495527558,1.76278299052228,5.225,65.245,1.81,5.083,41.7219860149689,3.30384784681081,1,224.77871391314903
Australia,2013,41.100511881056,2.44988248109259,5.663,65.025,1.84,5.225,43.0198495527558,1.76278299052228,1,232.75219878242015
Australia,2014,42.2993095385282,2.48792932080492,6.078,64.787,1.91,5.663,41.100511881056,2.44988248109259,1,257.0952033751744
Australia,2015,41.4947506939901,1.50836803138463,6.055,65.076,1.9,6.078,42.2993095385282,2.48792932080492,1,251.25071545211003
Australia,2016,40.813402217321,1.27699365720306,5.711,64.952,1.18,6.055,41.4947506939901,1.50836803138463,1,233.08534006312024
Australia,2017,42.0354135251854,1.94864309065653,5.592,65.248,0.89,5.711,40.813402217321,1.27699365720306,1,235.06203243283673
Australia,2018,43.5732253645218,1.91140002818579,5.345,65.804,0.86,5.592,42.0354135251854,1.94864309065653,1,232.898889573369
Australia,2019,46.0016827052171,1.610770929127,5.143,66.088,0.77,5.345,43.5732253645218,1.91140002818579,1,236.58665415293154
Australia,2020,44.499564103879,0.846900734607273,6.394,65.028,0.71,5.143,46.0016827052171,1.610770929127,1,284.5302128802023
Australia,2021,40.2022359390595,2.86391284709318,5.022,66.147,0.81,6.394,44.499564103879,0.846900734607273,1,201.89562888595682
Australia,2022,45.6946418805752,6.59409658717841,3.728,66.89,0.99,5.022,40.2022359390595,2.86391284709318,1,170.34962493078436
Canada,1993,58.2507961453047,1.86507936507938,11.377,64.935,3.59,11.197,52.7380309449972,1.49013290374545,0,0.0
Canada,1995,69.0617480799547,2.14876033057849,9.489,64.404,6.69,10.395,64.3915441455001,0.165562913907291,0,0.0
Canada,1996,70.2600734560392,1.57053112507137,9.62,64.225,5.43,9.489,69.0617480799547,2.14876033057849,0,0.0
Canada,1997,74.3366100816522,1.6212163808453,9.1,64.42,1.99,9.62,70.2600734560392,1.57053112507137,0,0.0
Canada,1998,78.0811853628611,0.995942456658019,8.278,64.67,1.44,9.1,74.3366100816522,1.6212163808453,0,0.0
Canada,1999,80.1150293129295,1.73484295105918,7.583,65.072,1.01,8.278,78.0811853628611,0.995942456658019,0,0.0
Canada,2000,82.7653578503214,2.71943995691976,6.829,65.291,1.31,7.583,80.1150293129295,1.73484295105918,0,0.0
Canada,2001,78.3442183943698,2.52512013979905,7.219,65.412,1.6,6.829,82.7653578503214,2.71943995691976,1,565.5669125889557
Canada,2002,75.7070320779233,2.25839440940855,7.665,66.386,1.49,7.219,78.3442183943698,2.52512013979905,1,580.2944008772821
Canada,2003,69.8400946170607,2.75856321360112,7.574,67.111,2.46,7.665,75.7070320779233,2.25839440940855,1,528.9688766296177
Canada,2004,70.1924199909562,1.85725871857256,7.185,67.057,1.51,7.574,69.8400946170607,2.75856321360112,1,504.33253763502023
Canada,2005,69.7591330167357,2.21355203439767,6.758,66.731,1.46,7.185,70.1924199909562,1.85725871857256,1,471.4322209270999
Canada,2006,68.0521644769988,2.00202539534161,6.484,66.827,1.45,6.758,69.7591330167357,2.21355203439767,1,441.2502344688602
Canada,2007,66.2834197482347,2.13838399266837,6.156,67.109,1.54,6.484,68.0521644769988,2.00202539534161,1,408.0407319701328
Canada,2008,67.0236083618983,2.37027067444298,6.284,67.268,1.54,6.156,66.2834197482347,2.13838399266837,1,421.1763549461689
Canada,2009,58.4743918224897,0.299466803009299,8.46,66.952,1.7,6.284,67.0236083618983,2.37027067444298,1,494.6933548182629
Canada,2010,60.2081215044483,1.77687154092627,8.178,66.732,1.46,8.46,58.4743918224897,0.299466803009299,1,492.38201766337824
Canada,2011,62.4987387708328,2.91213508872351,7.637,66.594,1.38,8.178,60.2081215044483,1.77687154092627,1,477.30286799285005
Canada,2012,62.5955489395005,1.51567823124516,7.392,66.558,1.4,7.637,62.4987387708328,2.91213508872351,1,462.7062977607877
Canada,2013,62.2310749013405,0.938291897815316,7.143,66.541,1.45,7.392,62.5955489395005,1.51567823124516,1,444.51656802027514
Canada,2014,64.3786621564923,1.90663590717861,7.023,66.022,1.43,7.143,62.2310749013405,0.938291897815316,1,452.1313443250454
Canada,2015,66.1649020669781,1.12524136094277,6.945,65.887,1.65,7.023,64.3786621564923,1.90663590717861,1,459.5152448551629
Canada,2016,65.3636845215556,1.42875954701085,7.038,65.638,1.56,6.945,66.1649020669781,1.12524136094277,1,460.0296116627083
Canada,2017,65.1010608504649,1.59688412852976,6.426,65.792,1.52,7.038,65.3636845215556,1.42875954701085,1,418.33941702508747
Canada,2018,66.5998858508762,2.26822567248103,5.837,65.547,1.47,6.426,65.1010608504649,1.59688412852976,1,388.7435337115644
Canada,2019,66.1714852804959,1.94926902411592,5.69,65.809,1.51,5.837,66.5998858508762,2.26822567248103,1,376.5157512460217
Canada,2020,61.1567709632763,0.716999632307827,9.657,64.097,1.49,5.69,66.1714852804959,1.94926902411592,1,590.5909371923592
Canada,2021,62.2468367159421,3.39519318527527,7.527,65.195,2.35,9.657,61.1567709632763,0.716999632307827,1,468.53193996089624
Canada,2022,67.3176215563989,6.80280115341612,5.279,65.247,1.37,7.527,62.2468367159421,3.39519318527527,1,355.3697241962298
Germany,2000,59.1955992975405,1.44026838719741,7.917,57.989,2.41,8.854,51.519227436406,0.585433064230783,0,0.0
Germany,2001,59.5592863682118,1.98385731334471,7.773,57.899,3.37,7.917,59.1955992975405,1.44026838719741,1,462.9543329401103
Germany,2002,58.3325687248129,1.42080615551526,8.482,57.79,2.45,7.773,59.5592863682118,1.98385731334471,1,494.776847923863
Germany,2003,58.9145442942507,1.03422218628562,9.779,57.846,2.52,8.482,58.3325687248129,1.42080615551526,1,576.1253286534776
Germany,2004,62.9064909465164,1.66573696655991,10.727,57.458,2.24,9.779,58.9145442942507,1.03422218628562,1,674.7979283832815
Germany,2005,66.9531024934321,1.54691114751328,11.193,58.332,2.46,10.727,62.9064909465164,1.66573696655991,1,749.4060762089855
Germany,2006,72.7591934646234,1.57742642840563,10.277,58.997,2.3,11.193,66.9531024934321,1.54691114751328,1,747.7462312359346
Germany,2007,74.8838416816798,2.2983440070095,8.732,59.065,2.24,10.277,72.7591934646234,1.57742642840563,1,653.8857055644279
Germany,2008,76.1131665945746,2.62837981637219,7.508,59.087,1.72,8.732,74.8838416816798,2.2983440070095,1,571.457654792066
Germany,2009,66.1391275757126,0.312739007368446,7.88,59.211,1.85,7.508,76.1131665945746,2.62837981637219,1,521.1763252966153
Germany,2010,73.8852351200263,1.1038103778926,7.043,59.312,2.13,7.88,66.1391275757126,0.312739007368446,1,520.3737109503452
Germany,2011,78.433002901442,2.07517283735874,5.967,59.853,1.59,7.043,73.8852351200263,1.1038103778926,1,468.0097283129044
Germany,2012,79.3316495670315,2.00848884782956,5.372,59.958,1.46,5.967,78.433002901442,2.07517283735874,1,426.1696214740932
Germany,2013,77.5860288576931,1.50472330251876,5.316,60.278,1.49,5.372,79.3316495670315,2.00848884782956,1,412.44732940749645
Germany,2014,76.8483516336234,0.906794000434245,4.979,60.378,2.03,5.316,77.5860288576931,1.50472330251876,1,382.6279427838109
Germany,2015,77.7565815686922,0.514426137125456,4.612,60.22,2.02,4.979,76.8483516336234,0.906794000434245,1,358.61335419480844
Germany,2016,76.0059902166055,0.491747008445174,4.104,60.411,2.09,4.612,77.7565815686922,0.514426137125456,1,311.92858384894896
Germany,2017,77.4548394742448,1.50949485109628,3.781,60.659,1.96,4.104,76.0059902166055,0.491747008445174,1,292.8567480521196
Germany,2018,79.1252260463654,1.73216879766941,3.384,60.859,1.83,3.781,77.4548394742448,1.50949485109628,1,267.7597649409005
Germany,2019,79.0732427175683,1.44565976888253,3.163,61.307,1.84,3.384,79.1252260463654,1.73216879766941,1,250.10866671566853
Germany,2020,72.9335327120137,0.144877925813981,3.881,60.478,1.48,3.163,79.0732427175683,1.44565976888253,1,283.0550404553252
Germany,2021,79.9195348609851,3.06666666666673,3.594,60.395,1.39,3.881,72.9335327120137,0.144877925813981,1,287.2308082903804
Germany,2022,88.7857542130501,6.87257438551096,3.137,60.835,1.33,3.594,79.9195348609851,3.06666666666673,1,278.52091096633814
Spain,2000,60.1216241049216,3.43351563418766,13.785,52.889,2.41,15.475,54.6969131882495,2.31034813987067,0,0.0
Spain,2001,58.0138895625701,3.58983413338112,10.348,52.093,3.37,13.785,60.1216241049216,3.43351563418766,1,600.3277291934754
Spain,2002,55.1021415309759,3.06565685902219,11.146,53.661,2.45,10.348,58.0138895625701,3.58983413338112,1,614.1684695042575
Spain,2003,53.4357897202258,3.03888839396655,11.283,54.819,2.52,11.146,55.1021415309759,3.06565685902219,1,602.9160154133076
Spain,2004,54.4795182656074,3.03924881090924,11.09,55.73,2.24,11.283,53.4357897202258,3.03888839396655,1,604.1778575655861
Spain,2005,54.6991667043772,3.36881409750383,9.146,56.881,2.46,11.09,54.4795182656074,3.03924881090924,1,500.2785786782339
Spain,2006,56.0839263823216,3.51557576832128,8.452,57.835,2.3,9.146,54.6991667043772,3.36881409750383,1,474.0213457833822
Spain,2007,57.6269487657546,2.78679745804945,8.232,58.335,2.24,8.452,56.0839263823216,3.51557576832128,1,474.3850422396918
Spain,2008,55.8281315172523,4.07534335957339,11.254,59.084,1.72,8.232,57.6269487657546,2.78679745804945,1,628.2897920951574
Spain,2009,46.8366899971109,-0.28781308353524,17.857,59.251,1.85,11.254,55.8281315172523,4.07534335957339,1,836.3627732784093
Spain,2010,52.6933699734019,1.79986457728768,19.86,59.357,2.13,17.857,46.8366899971109,-0.28781308353524,1,1046.4903276717616
Spain,2011,58.5118228859632,3.1961018883379,21.39,59.373,1.59,19.86,52.6933699734019,1.79986457728768,1,1251.5678915307528
Spain,2012,60.5540346961864,2.44612782366808,24.789,59.403,1.46,21.39,58.5118228859632,3.1961018883379,1,1501.0739660837648
Spain,2013,61.6687726441327,1.40858109183018,26.094,59.131,1.49,24.789,60.5540346961864,2.44612782366808,1,1609.1849533759987
Spain,2014,63.39926213895,-0.151114837527234,24.441,58.733,2.03,26.094,61.6687726441327,1.40858109183018,1,1549.541365938077
Spain,2015,63.5820412248232,-0.500365709903242,22.057,58.623,2.02,24.441,63.39926213895,-0.151114837527234,1,1402.4290832959252
Spain,2016,63.1886778507294,-0.202598000426452,19.635,58.325,2.09,22.057,63.5820412248232,-0.500365709903242,1,1240.709689599072
Spain,2017,66.167446137857,1.95607633363963,17.224,58.047,1.96,19.635,63.1886778507294,-0.202598000426452,1,1139.668092278449
Spain,2018,67.0094103982921,1.6749813686379,15.255,57.634,1.83,17.224,66.167446137857,1.95607633363963,1,1022.2285556259461
Spain,2019,66.3662250440692,0.699518994458738,14.104,57.626,1.84,15.255,67.0094103982921,1.6749813686379,1,936.0292380215519
Spain,2020,59.4461280147076,-0.322753017299739,15.532,56.401,1.48,14.104,66.3662250440692,0.699518994458738,1,923.3172603244384
Spain,2021,66.524588943191,3.09313511976419,14.914,57.272,1.39,15.532,59.4461280147076,-0.322753017299739,1,992.1477194987507
Spain,2022,78.4657338703054,8.39057634118626,13.033,57.571,1.33,14.914,66.524588943191,3.09313511976419,1,1022.6439095316903
France,2000,57.7860470318197,1.67595988720928,10.218,55.303,2.41,11.981,51.6706614638734,0.537141639134596,0,0.0
France,2001,56.8932328560722,1.63478079549599,8.61,55.122,3.37,10.218,57.7860470318197,1.67595988720928,1,489.8507348907816
France,2002,55.1325248503102,1.92341228727063,8.702,55.399,2.45,8.61,56.8932328560722,1.63478079549599,1,479.76323124739935
France,2003,52.5988822870657,2.09847219146919,8.306,55.989,2.52,8.702,55.1325248503102,1.92341228727063,1,436.88631627636767
France,2004,53.7497648292028,2.14208964640238,8.914,55.85,2.24,8.306,52.5988822870657,2.09847219146919,1,479.12540368751377
France,2005,55.8228361241299,1.74586936380487,8.882,55.989,2.46,8.914,53.7497648292028,2.14208964640238,1,495.8184304545218
France,2006,57.8692775292673,1.67512449608726,8.832,55.916,2.3,8.882,55.8228361241299,1.74586936380487,1,511.10145913848885
France,2007,58.1525611309659,1.48799805953859,8.008,56.064,2.24,8.832,57.8692775292673,1.67512449608726,1,465.6857095367749
France,2008,59.1797928411748,2.81286194914785,7.386,56.132,1.72,8.008,58.1525611309659,1.48799805953859,1,437.1019499249171
France,2009,52.1991123027613,0.0876204781574653,9.122,56.31,1.85,7.386,59.1797928411748,2.81286194914785,1,476.1603024257886
France,2010,56.587555247796,1.53112270420918,9.279,56.216,2.13,9.122,52.1991123027613,0.0876204781574653,1,525.075925144299
France,2011,60.6056354816406,2.11159795175,9.228,56.019,1.59,9.279,56.587555247796,1.53112270420918,1,559.2688042245794
France,2012,61.6589570771102,1.95419531613509,9.841,56.226,1.46,9.228,60.6056354816406,2.11159795175,1,606.7857965958415
France,2013,61.8192338733962,0.863715497861804,9.913,56.27,1.49,9.841,61.6589570771102,1.95419531613509,1,612.8140653869765
France,2014,62.1992669379507,0.507758822937989,10.273,55.764,2.03,9.913,61.8192338733962,0.863715497861804,1,638.9730692535676
France,2015,63.5046871956484,0.0375143805125181,10.354,55.621,2.02,10.273,62.1992669379507,0.507758822937989,1,657.5275312237435
France,2016,63.3427564383351,0.183334861123764,10.057,55.399,2.09,10.354,63.5046871956484,0.0375143805125181,1,637.0381015003361
France,2017,65.3958481559711,1.03228275064681,9.409,55.258,1.96,10.057,63.3427564383351,0.183334861123764,1,615.3095352995321
France,2018,66.8022607812266,1.85081508315492,9.018,55.3,1.83,9.409,65.3958481559711,1.03228275064681,1,602.4227877251014
France,2019,66.4289771741449,1.10825492288293,8.415,54.939,1.84,9.018,66.8022607812266,1.85081508315492,1,558.9998429204293
France,2020,58.8388907240647,0.476498852725065,8.009,54.271,1.48,8.415,66.4289771741449,1.10825492288293,1,471.2406758090342
France,2021,63.788482630872,1.64233141038393,7.871,55.552,1.39,8.009,58.8388907240647,0.476498852725065,1,502.0791467875935
France,2022,75.9630077981996,5.22236748369725,7.303,55.835,1.33,7.871,63.788482630872,1.64233141038393,1,554.7578459502516
United Kingdom,2000,52.3380212335903,1.18295624210408,5.558,61.338,2.41,6.042,49.4683905163429,1.7529508005142,0,0.0
United Kingdom,2001,52.6342367336438,1.53234960272418,4.696,60.966,3.37,5.558,52.3380212335903,1.18295624210408,1,247.1703757011913
United Kingdom,2002,51.2361820991323,1.52040245947455,5.037,61.254,2.45,4.696,52.6342367336438,1.53234960272418,1,258.0766492333294
United Kingdom,2003,50.0681187039704,1.37650038542013,4.807,61.368,2.52,5.037,51.2361820991323,1.52040245947455,1,240.67744660998574
United Kingdom,2004,50.2885521756133,1.39039756680422,4.594,61.417,2.24,4.807,50.0681187039704,1.37650038542013,1,231.0256086947675
United Kingdom,2005,52.5442740383211,2.0891364902507,4.884,61.666,2.46,4.594,50.2885521756133,1.39039756680422,1,256.62623440316025
United Kingdom,2006,56.7047791729812,2.4556616643929,5.472,62.098,2.3,4.884,52.5442740383211,2.0891364902507,1,310.28855163455313
United Kingdom,2007,52.7493524964733,2.38656150773327,5.399,61.942,2.24,5.472,56.7047791729812,2.4556616643929,1,284.79375412845934
United Kingdom,2008,56.4365501052604,3.52140856342539,5.748,62.185,1.72,5.399,52.7493524964733,2.38656150773327,1,324.3972900050368
United Kingdom,2009,54.6537301085991,1.96173173560109,7.683,61.994,1.85,5.748,56.4365501052604,3.52140856342539,1,419.90460842436687
United Kingdom,2010,59.0511802227821,2.49265472467065,7.973,61.801,2.13,7.683,54.6537301085991,1.96173173560109,1,470.8150599162417
United Kingdom,2011,63.3240615708901,3.8561124468282,8.195,61.778,1.59,7.973,59.0511802227821,2.49265472467065,1,518.9406845734444
United Kingdom,2012,61.9688704472535,2.5732347965453,8.279,61.99,1.46,8.195,63.3240615708901,3.8561124468282,1,513.0402784328118
United Kingdom,2013,61.7195395154583,2.29166666666659,7.752,62.009,1.49,8.279,61.9688704472535,2.5732347965453,1,478.4498703238327
United Kingdom,2014,58.8210228333296,1.45112016293279,6.398,62.131,2.03,7.752,61.7195395154583,2.29166666666659,1,376.3369040876428
United Kingdom,2015,57.125044605439,0.36804684232536,5.552,62.25,2.02,6.398,58.8210228333296,1.45112016293279,1,317.1582476493973
United Kingdom,2016,59.8395315138259,1.0084173681141,4.909,62.408,2.09,5.552,57.125044605439,0.36804684232536,1,293.7522602013713
United Kingdom,2017,63.1899245764158,2.55775577557747,4.501,62.412,1.96,4.909,59.8395315138259,1.0084173681141,1,284.41785051844755
United Kingdom,2018,64.9097721959201,2.29283990345938,4.145,62.619,1.83,4.501,63.1899245764158,2.55775577557747,1,269.05100575208877
United Kingdom,2019,65.0035664177054,1.73810460086513,3.657,62.625,1.84,4.145,64.9097721959201,2.29283990345938,1,237.71804238954866
United Kingdom,2020,59.1598893030611,0.989486703772491,4.472,62.573,1.28,3.657,65.0035664177054,1.73810460086513,1,264.56302496328925
United Kingdom,2021,58.53838629291,2.51837109614213,4.864,61.973,0.72,4.472,59.1598893030611,0.989486703772491,1,284.73071092871425
United Kingdom,2022,69.1989264413981,7.92204883147902,3.768,61.905,1.0,4.864,58.53838629291,2.51837109614213,1,260.741554831188
Italy,2000,50.2747311455639,2.53768532095002,10.834,47.818,2.41,11.681,44.5298402267013,1.66345995007714,0,0.0
Italy,2001,49.8632723203495,2.78516542713554,9.599,47.882,3.37,10.834,50.2747311455639,2.53768532095002,1,478.6375510030349
Italy,2002,47.8713186791542,2.46532319171165,9.211,48.244,2.45,9.599,49.8632723203495,2.78516542713554,1,440.9427163536894
Italy,2003,45.9940859777074,2.6725555277285,8.869,48.624,2.52,9.211,47.8713186791542,2.46532319171165,1,407.92154853628693
Italy,2004,47.2663923891771,2.20673661423657,7.866,49.489,2.24,8.869,45.9940859777074,2.6725555277285,1,371.79744253326703
Italy,2005,49.1221742288618,1.9852929852798,7.73,48.916,2.46,7.866,47.2663923891771,2.20673661423657,1,379.71440678910176
Italy,2006,52.9235429597012,2.09084391012754,6.777,48.88,2.3,7.73,49.1221742288618,1.9852929852798,1,358.6628506378951
Italy,2007,54.8280415572531,1.82974112202403,6.076,48.578,2.24,6.777,52.9235429597012,2.09084391012754,1,333.1351805018698
Italy,2008,54.2142548956671,3.34783258401022,6.723,48.921,1.72,6.076,54.8280415572531,1.82974112202403,1,364.4824356635699
Italy,2009,45.1414765721604,0.774768131387381,7.749,48.283,1.85,6.723,54.2142548956671,3.34783258401022,1,349.80130195767094
Italy,2010,51.6621118138339,1.52551602118248,8.363,47.994,2.13,7.749,45.1414765721604,0.774768131387381,1,432.0502410990929
Italy,2011,54.4722149449288,2.78063272879323,8.359,47.882,1.59,8.363,51.6621118138339,1.52551602118248,1,455.33324472465983
Italy,2012,54.8844952702204,3.04136333226775,10.655,48.809,1.46,8.359,54.4722149449288,2.78063272879323,1,584.7942971041983
Italy,2013,54.0341846317499,1.21999342274306,12.149,48.494,1.49,10.655,54.8844952702204,3.04136333226775,1,656.4613090911295
Italy,2014,54.4545299332032,0.241047429826756,12.683,48.731,2.03,12.149,54.0341846317499,1.21999342274306,1,690.6468031428161
Italy,2015,55.4356858148221,0.0387903996579733,11.896,48.621,2.02,12.683,54.4545299332032,0.241047429826756,1,659.4629184531237
Italy,2016,54.4321467018313,-0.09401665691575,11.688,49.164,2.09,11.896,55.4356858148221,0.0387903996579733,1,636.2029306510043
Italy,2017,57.5829940274911,1.22653316645812,11.211,49.501,1.96,11.688,54.4321467018313,-0.09401665691575,1,645.5629460422027
Italy,2018,59.2749835128154,1.13748763600391,10.538,49.621,1.83,11.211,57.5829940274911,1.22653316645812,1,624.6397762580488
Italy,2019,58.6941902594738,0.611246943765304,9.884,49.589,1.84,10.538,59.2749835128154,1.13748763600391,1,580.1333765246391
Italy,2020,53.9394839042764,-0.13770757391651,9.192,48.218,1.48,9.884,58.6941902594738,0.611246943765304,1,495.8117360481087
Italy,2021,60.3019776202798,1.87378325762481,9.497,48.443,1.39,9.192,53.9394839042764,-0.13770757391651,1,572.6878814597973
Italy,2022,72.0165023032697,8.20128991161718,8.069,49.034,1.33,9.497,60.3019776202798,1.87378325762481,1,581.1011570850833
Japan,1992,17.018068824019,1.7602830605927,2.158,63.989,4.24,2.059,17.7594512543168,3.25143848753308,0,0.0
Japan,1993,15.7233391305175,1.24304589707924,2.539,63.809,4.36,2.158,17.018068824019,1.7602830605927,0,0.0
Japan,1994,15.8103062322757,0.695458057869004,2.89,63.609,4.3,2.539,15.7233391305175,1.24304589707924,0,0.0
Japan,1995,16.3901049340172,-0.127899045020446,3.15,63.419,5.22,2.89,15.8103062322757,0.695458057869004,0,0.0
Japan,1996,18.2538682255522,0.136600358575909,3.383,63.488,5.59,3.15,16.3901049340172,-0.127899045020446,0,0.0
Japan,1997,19.7835176233669,1.74780458692133,3.374,63.674,4.33,3.383,18.2538682255522,0.136600358575909,0,0.0
Japan,1998,19.0031862223377,0.661974191385911,4.078,63.329,4.17,3.374,19.7835176233669,1.74780458692133,0,0.0
Japan,1999,18.1256307166911,-0.341296928327554,4.677,62.847,4.42,4.078,19.0031862223377,0.661974191385911,0,0.0
Japan,2000,19.5623715839054,-0.676578683595175,4.748,62.442,4.49,4.677,18.1256307166911,-0.341296928327554,0,0.0
Japan,2001,19.5596044720071,-0.740055504162738,5.02,61.993,5.75,4.748,19.5623715839054,-0.676578683595175,1,98.18921444947563
Japan,2002,20.4471220661583,-0.923494026942321,5.386,61.234,5.52,5.02,19.5596044720071,-0.740055504162738,1,110.12819944832862
Japan,2003,21.3261252678119,-0.256541816316025,5.251,60.766,5.23,5.386,20.4471220661583,-0.923494026942321,1,111.9834837812803
Japan,2004,23.6643534228975,-0.00857338820310272,4.734,60.42,4.0,5.251,21.3261252678119,-0.256541816316025,1,112.02704910399676
Japan,2005,26.2299545778565,-0.282946068764391,4.446,60.418,3.58,4.734,23.6643534228975,-0.00857338820310272,1,116.61837805315
Japan,2006,30.0163760986692,0.249355116079085,4.192,60.423,2.82,4.446,26.2299545778565,-0.282946068764391,1,125.82864860562128
Japan,2007,32.816578051879,0.060039454498669,3.888,60.395,2.74,4.192,30.0163760986692,0.249355116079085,1,127.59085546570554
Japan,2008,34.1294765412245,1.3800788616492,4.002,60.155,2.49,3.888,32.816578051879,0.060039454498669,1,136.58616511798044
Japan,2009,24.3901665338555,-1.35283672951719,5.068,59.864,2.91,4.002,34.1294765412245,1.3800788616492,1,123.60936399357966
Japan,2010,28.4984726938389,-0.728243207517779,5.102,59.579,2.2,5.068,24.3901665338555,-1.35283672951719,1,145.39920768396607
Japan,2011,30.1949607286296,-0.27245561610124,4.55,59.249,2.37,5.102,28.4984726938389,-0.728243207517779,1,137.38707131526468
Japan,2012,30.4709109171752,-0.0440645104432602,4.358,59.012,2.27,4.55,30.1949607286296,-0.27245561610124,1,132.7922297770495
Japan,2013,33.9787686509511,0.335037912184741,4.038,59.245,1.18,4.358,30.4709109171752,-0.0440645104432602,1,137.20626781254057
Japan,2014,37.4314345686579,2.75922671353253,3.589,59.443,2.29,4.038,33.9787686509511,0.335037912184741,1,134.3414186669132
Japan,2015,35.4274083544798,0.795279630579839,3.385,59.499,2.3,3.589,37.4314345686579,2.75922671353253,1,119.92177727991412
Japan,2016,31.3102468455884,-0.127258844489754,3.132,59.986,2.55,3.385,35.4274083544798,0.795279630579839,1,98.06369312038287
Japan,2017,34.4232135721686,0.484199796126385,2.822,60.444,2.51,3.132,31.3102468455884,-0.127258844489754,1,97.14230870065978
Japan,2018,36.609931802107,0.989094598021848,2.467,61.446,2.45,2.822,34.4232135721686,0.484199796126385,1,90.31670175579796
Japan,2019,35.2164181084145,0.46877615938395,2.351,62.008,3.53,2.467,36.609931802107,0.989094598021848,1,82.7937989728825
Japan,2020,31.335208636773,-0.024995834027731,2.809,61.947,2.22,2.351,35.2164181084145,0.46877615938395,1,88.02060106069537
Japan,2021,36.7384462280698,-0.233352779398264,2.808,62.053,1.84,2.809,31.335208636773,-0.024995834027731,1,103.16155700841999
Japan,2022,46.8129868368938,2.49770278172255,2.614,62.502,1.64,2.808,36.7384462280698,-0.233352779398264,1,122.36914759164038
South Korea,1992,47.2068242485094,6.21328146355184,2.513,60.394,8.53,2.407,48.2898598963294,9.33279048161495,0,0.0
South Korea,1995,51.3967337856387,4.48074108557248,2.063,61.46,6.84,2.476,47.7418242135125,6.26585950039679,0,0.0
South Korea,1996,51.6134521171463,4.92454354292754,2.048,61.669,15.02,2.063,51.3967337856387,4.48074108557248,0,0.0
South Korea,1997,55.894947743273,4.4389318457463,2.608,62.022,13.45,2.048,51.6134521171463,4.92454354292754,0,0.0
South Korea,1998,66.3289851108207,7.51358008079307,6.963,60.213,13.61,2.608,55.894947743273,4.4389318457463,0,0.0
South Korea,1999,57.8948578896383,0.81295725444637,6.342,60.179,5.9,6.963,66.3289851108207,7.51358008079307,0,0.0
South Korea,2000,64.0588155729056,2.25916580080157,4.063,60.754,9.55,6.342,57.8948578896383,0.81295725444637,0,0.0
South Korea,2001,60.4277386641693,4.06657587897792,3.699,61.11,10.41,4.063,64.0588155729056,2.25916580080157,1,223.52220531876222
South Korea,2002,56.6688767960273,2.76226210296599,3.046,61.617,9.98,3.699,60.4277386641693,4.06657587897792,1,172.61339872069914
South Korea,2003,59.4242945541732,3.51487451459939,3.348,61.113,9.7,3.046,56.6688767960273,2.76226210296599,1,198.95253816737187
South Korea,2004,67.9270638751076,3.59066298882578,3.42,61.816,9.25,3.348,59.4242945541732,3.51487451459939,1,232.310558452868
South Korea,2005,66.1695148242697,2.75379162735039,3.482,61.558,7.95,3.42,67.9270638751076,3.59066298882578,1,230.4022506181071
South Korea,2006,68.3749509402263,2.24234028518921,3.254,61.463,7.43,3.482,66.1695148242697,2.75379162735039,1,222.4920903594964
South Korea,2007,71.3239614988013,2.53457382137932,3.013,61.317,7.13,3.254,68.3749509402263,2.24234028518921,1,214.8990959958883
South Korea,2008,92.0833544961819,4.67389655533408,2.959,60.813,8.26,3.013,71.3239614988013,2.53457382137932,1,272.47464595420223
South Korea,2009,83.1246099057162,2.7564965449393,3.363,60.224,7.8,2.959,92.0833544961819,4.67389655533408,1,279.54806311292356
South Korea,2010,88.0278677123124,2.93928652655686,3.324,60.334,7.19,3.363,83.1246099057162,2.7564965449393,1,292.60463227572643
South Korea,2011,101.68061646213,4.0259650043609,2.992,60.636,7.32,3.324,88.0278677123124,2.93928652655686,1,304.22840445469296
South Korea,2012,101.51727207905,2.18707104433314,2.812,60.928,7.59,2.992,101.68061646213,4.0259650043609,1,285.4665690862886
South Korea,2013,94.1675235855873,1.30134754547413,3.067,61.4,7.85,2.812,101.51727207905,2.18707104433314,1,288.8117948369963
South Korea,2014,86.9342577972039,1.27477446401322,3.082,62.277,6.1,3.067,94.1675235855873,1.30134754547413,1,267.9313825309824
South Korea,2015,75.3881774564907,0.70633177245575,3.546,62.58,5.72,3.082,86.9342577972039,1.27477446401322,1,267.326477260716
South Korea,2016,69.8997221316919,0.971685739912168,3.65,62.626,8.67,3.546,75.3881774564907,0.70633177245575,1,255.13398578067543
South Korea,2017,73.1921408264016,1.94433230786366,3.653,62.91,5.05,3.65,69.8997221316919,0.971685739912168,1,267.37089043884504
South Korea,2018,74.7075162140824,1.47583935002645,3.824,62.757,4.83,3.653,73.1921408264016,1.94433230786366,1,285.6815420026511
South Korea,2020,65.544957860621,0.537288023411737,3.931,62.274,5.48,3.746,71.4470632403511,0.383000303608136,1,257.65722935010115
South Korea,2021,75.3063047610912,2.49833333333339,3.639,62.55,4.85,3.931,65.544957860621,0.537288023411737,1,274.03964302561087
South Korea,2022,90.5851475278549,5.08951365062842,2.857,63.794,5.66,3.639,75.3063047610912,2.49833333333339,1,258.80176648708147
Mexico,1995,43.6658317263397,34.9992712889592,7.095,59.401,7.25,4.436,29.1584721341582,6.96581237191123,0,0.0
Mexico,1996,47.7678235339067,34.3783832235168,5.465,59.464,14.02,7.095,43.6658317263397,34.9992712889592,0,0.0
Mexico,1997,46.4918755715735,20.6256287259247,4.235,60.784,13.08,5.465,47.7678235339067,34.3783832235168,0,0.0
Mexico,1998,48.0318841400179,15.9283950119353,3.733,60.475,13.05,4.235,46.4918755715735,20.6256287259247,0,0.0
Mexico,1999,48.0122495761105,16.5856169707538,2.598,59.699,6.59,3.733,48.0318841400179,15.9283950119353,0,0.0
Mexico,2000,49.9104091872497,9.49156149435403,2.646,59.571,15.15,2.598,48.0122495761105,16.5856169707538,0,0.0
Mexico,2001,44.7401090123173,6.36773806235037,2.627,58.936,15.24,2.646,49.9104091872497,9.49156149435403,1,117.53226637535754
Mexico,2002,45.209829259652,5.03072733151295,3.003,58.457,5.03,2.627,44.7401090123173,6.36773806235037,1,135.76511726673496
Mexico,2003,48.700416880838,4.54690012118718,3.455,58.815,15.44,3.003,45.209829259652,5.03072733151295,1,168.2599403232953
Mexico,2004,52.0406200335632,4.68840884843143,3.937,59.375,3.0,3.455,48.700416880838,4.54690012118718,1,204.88392107213832
Mexico,2005,52.5626446517886,3.98805714597437,3.558,60.12,3.0,3.937,52.0406200335632,4.68840884843143,1,187.01788967106384
Mexico,2006,54.4821160886169,3.62946762439132,3.566,60.875,2.39,3.558,52.5626446517886,3.98805714597437,1,194.28322597200784
Mexico,2007,55.2585243944498,3.96684905458235,3.628,60.921,2.41,3.566,54.4821160886169,3.62946762439132,1,200.47792650306388
Mexico,2008,56.3652818862573,5.12498274575896,3.874,60.638,1.87,3.628,55.2585243944498,3.96684905458235,1,218.3591020273608
Mexico,2009,54.5917421313503,5.29735584228856,5.356,60.556,1.61,3.874,56.3652818862573,5.12498274575896,1,292.3933708555122
Mexico,2010,59.2733845293851,4.15672722680174,5.303,60.391,5.37,5.356,54.5917421313503,5.29735584228856,1,314.3267581593292
Mexico,2011,62.1623872764498,3.40737824605742,5.175,60.526,5.37,5.303,59.2733845293851,4.15672722680174,1,321.6903541556277
Mexico,2012,64.2579318900113,4.11150981070289,4.892,61.221,5.17,5.175,62.1623872764498,3.40737824605742,1,314.3498028059353
Mexico,2013,62.6916747735807,3.80639069747204,4.921,61.033,4.87,4.892,64.2579318900113,4.11150981070289,1,308.50573156079065
Mexico,2014,64.0984090351215,4.01861608078679,4.819,60.476,1.02,4.921,62.6916747735807,3.80639069747204,1,308.89023314025053
Mexico,2015,70.412974676264,2.72064064964023,4.311,60.552,4.45,4.819,64.0984090351215,4.01861608078679,1,303.5503338293741
Mexico,2016,75.6903034088551,2.8217078474766,3.853,60.427,4.35,4.311,70.412974676264,2.72064064964023,1,291.6347390343187
Mexico,2017,76.9521260407254,6.04145724018986,3.419,60.209,1.24,3.853,75.6903034088551,2.8217078474766,1,263.09931893324017
Mexico,2018,80.2126616568975,4.89935015356551,3.275,60.429,1.21,3.419,76.9521260407254,6.04145724018986,1,262.69646692633927
Mexico,2022,88.7984855867186,7.8962761916855,3.256,60.946,1.62,4.019,83.0692976357895,5.68920847683753,1,289.12786907035576
Netherlands,2000,125.667030082421,2.36052233801958,2.725,67.804,2.41,3.622,114.327740793016,2.1571791805505,0,0.0
Netherlands,2001,119.47546387654,4.15584127195612,2.119,67.949,3.37,2.725,125.667030082421,2.36052233801958,1,253.1685079543883
Netherlands,2002,112.750024358671,3.28753104712766,2.554,67.872,2.45,2.119,119.47546387654,4.15584127195612,1,287.9635622120457
Netherlands,2003,111.30450319576,2.09199838997655,3.593,67.67,2.52,2.554,112.750024358671,3.28753104712766,1,399.9170799823657
Netherlands,2004,116.958160026939,1.26364739183177,4.646,67.423,2.24,3.593,111.30450319576,2.09199838997655,1,543.3876114851586
Netherlands,2005,122.255849523252,1.6881301786962,5.872,67.204,2.46,4.646,116.958160026939,1.26364739183177,1,717.8863484005357
Netherlands,2006,127.195613539333,1.10150106517709,5.007,67.165,2.3,5.872,122.255849523252,1.6881301786962,1,636.8684369914403
Netherlands,2007,129.798241740597,1.61385859802102,4.153,67.168,2.24,5.007,127.195613539333,1.10150106517709,1,539.0520979486993
Netherlands,2008,130.152049980117,2.48650198289457,3.658,67.152,1.72,4.153,129.798241740597,1.61385859802102,1,476.096198827268
Netherlands,2009,115.109660363107,1.18977687021548,4.352,66.818,1.85,3.658,130.152049980117,2.48650198289457,1,500.9572419002417
Netherlands,2010,130.081707935343,1.27530569556679,4.991,66.501,2.13,4.352,115.109660363107,1.18977687021548,1,649.2378043052968
Netherlands,2011,141.757099325776,2.34107017751373,4.977,66.385,1.59,4.991,130.081707935343,1.27530569556679,1,705.5250833443872
Netherlands,2012,149.393223058131,2.45554765291614,5.821,66.779,1.46,4.977,141.757099325776,2.34107017751373,1,869.6179514213806
Netherlands,2013,150.651850226949,2.50689852657875,7.241,66.735,1.49,5.821,149.393223058131,2.45554765291614,1,1090.8700474933376
Netherlands,2014,151.715891056501,0.976035079699679,7.419,66.158,2.03,7.241,150.651850226949,2.50689852657875,1,1125.5801957481808
Netherlands,2015,160.325812564809,0.600248147278776,6.872,66.465,2.02,7.419,151.715891056501,0.976035079699679,1,1101.7589839453676
Netherlands,2016,150.96552921165,0.316666666666652,6.007,66.281,2.09,6.872,160.325812564809,0.600248147278776,1,906.8499339743814
Netherlands,2017,159.646059656847,1.38145871407216,4.837,66.126,1.96,6.007,150.96552921165,0.316666666666652,1,772.2079905601689
Netherlands,2018,163.559146573044,1.70349794744479,3.832,66.382,1.83,4.837,159.646059656847,1.38145871407216,1,626.7586496679046
Netherlands,2019,160.676671884999,2.63369910249591,3.379,66.707,1.84,3.832,163.559146573044,1.70349794744479,1,542.9264742994116
Netherlands,2020,152.233230409706,1.27246037789161,3.82,66.544,1.48,3.379,160.676671884999,2.63369910249591,1,581.5309401650769
Netherlands,2021,163.154842689698,2.67572008805385,4.209,66.534,1.39,3.82,152.233230409706,1.27246037789161,1,686.7187328809388
Netherlands,2022,184.107484252682,10.0012078753473,3.526,67.229,1.33,4.209,163.154842689698,2.67572008805385,1,649.1629894749567
Singapore,1995,345.459263895462,1.72053384788524,3.3,63.683,0.33,3.03,316.216547584567,3.10013262599502,0,0.0
Singapore,1996,334.911163288092,1.38318052481876,3.57,64.226,0.05,3.3,345.459263895462,1.72053384788524,0,0.0
Singapore,1997,323.86442214814,2.00358618538962,2.5,64.737,0.05,3.57,334.911163288092,1.38318052481876,0,0.0
Singapore,1998,312.079255674686,-0.267502292876153,3.41,65.176,0.05,2.5,323.86442214814,2.00358618538962,0,0.0
Singapore,1999,336.484846412882,0.0167098337370727,4.85,65.265,0.05,3.41,312.079255674686,-0.267502292876153,0,0.0
Singapore,2000,364.364520468218,1.36162392448456,3.7,65.365,0.04,4.85,336.484846412882,0.0167098337370727,0,0.0
Singapore,2001,349.292105694978,0.997197956155943,3.76,65.461,0.04,3.7,364.364520468218,1.36162392448456,1,1313.338317413117
Singapore,2002,349.746013985676,-0.391676866585049,5.65,64.622,0.04,3.76,349.292105694978,0.997197956155943,1,1976.0649790190694
Singapore,2003,377.218564301581,0.507905300237551,5.93,64.698,0.02,5.65,349.746013985676,-0.391676866585049,1,2236.9060863083755
Singapore,2004,401.523712538509,1.66272719863072,5.84,64.569,0.0,5.93,377.218564301581,0.507905300237551,1,2344.8984812248927
Singapore,2005,420.430512920559,0.425106276569107,5.59,65.197,0.03,5.84,401.523712538509,1.66272719863072,1,2350.206567225925
Singapore,2006,425.363399543019,0.965657519018511,4.48,66.08,0.01,5.59,420.430512920559,0.425106276569107,1,1905.6280299527252
Singapore,2007,394.288471919078,2.10980166714574,3.9,65.497,0.01,4.48,425.363399543019,0.965657519018511,1,1537.7250404844042
Singapore,2008,437.326714891057,6.63544058395309,3.96,66.615,0.05,3.9,394.288471919078,2.10980166714574,1,1731.8137909685856
Singapore,2009,358.192811828842,0.589142019610516,5.86,66.57,0.06,3.96,437.326714891057,6.63544058395309,1,2099.0098773170143
Singapore,2010,369.685555787646,2.82884527612958,4.12,67.37,0.05,5.86,358.192811828842,0.589142019610516,1,1523.1044898451016
Singapore,2011,379.098631377539,5.25115624639373,3.89,67.376,0.16,4.12,369.685555787646,2.82884527612958,1,1474.6936760586268
Singapore,2012,369.212965787665,4.58084479423094,3.72,67.943,0.06,3.89,379.098631377539,5.25115624639373,1,1373.4722327301138
Singapore,2013,367.041780049019,2.36439793742726,3.86,67.768,0.07,3.72,369.212965787665,4.58084479423094,1,1416.7812709892132
Singapore,2014,360.467319166237,1.03316955857629,3.74,68.556,0.07,3.86,367.041780049019,2.36439793742726,1,1348.1477736817264
Singapore,2015,329.471398940262,-0.521975611895763,3.79,69.53,0.07,3.74,360.467319166237,1.03316955857629,1,1248.6966019835932
Singapore,2016,302.839656046574,-0.529809760375464,4.08,69.244,0.07,3.79,329.471398940262,-0.521975611895763,1,1235.585796670022
Singapore,2017,316.794409287568,0.576763191179996,4.2,68.943,0.07,4.08,302.839656046574,-0.529809760375464,1,1330.5365190077855
Singapore,2018,326.59658728675,0.438784215129623,3.613,68.581,0.24,4.2,316.794409287568,0.576763191179996,1,1179.9934698670277
Singapore,2019,324.394985115301,0.567829988405447,3.1,68.986,0.39,3.613,326.59658728675,0.438784215129623,1,1005.6244538574331
Singapore,2020,332.040805481913,-0.172111865925382,4.1,68.712,0.05,3.1,324.394985115301,0.567829988405447,1,1361.3673024758432
Singapore,2021,329.161383683762,2.31610315765146,4.64,70.686,0.0,4.1,332.040805481913,-0.172111865925382,1,1527.3088202926556
Singapore,2022,332.34956775484,6.13095418919732,3.591,69.734,0.0,4.64,329.161383683762,2.31610315765146,1,1193.4672978076305
United States,1992,19.9505945023923,3.02881967814969,7.5,65.252,3.95,6.8,19.7864481240974,4.23496396453849,0,0.0
United States,1993,20.0446187019752,2.95165696638559,6.9,65.135,3.75,7.5,19.9505945023923,3.02881967814969,0,0.0
United States,1995,22.4533816490568,2.80541968853662,5.65,65.604,2.94,6.119,21.0554591617453,2.60744159215453,0,0.0
United States,1996,22.6870719902412,2.93120419993441,5.451,65.775,2.86,5.65,22.4533816490568,2.80541968853662,0,0.0
United States,1997,23.4283210916839,2.33768993730735,5.0,66.085,2.6,5.451,22.6870719902412,2.93120419993441,0,0.0
United States,1998,22.8258909523693,1.55227909874364,4.511,66.01,3.09,5.0,23.4283210916839,2.33768993730735,0,0.0
United States,1999,23.3135637046602,2.18802719697358,4.219,66.057,2.31,4.511,22.8258909523693,1.55227909874364,0,0.0
United States,2000,25.1029953595813,3.37685727149929,3.992,66.146,2.1,4.219,23.3135637046602,2.18802719697358,0,0.0
United States,2001,22.967181335596,2.82617111885407,4.731,65.862,2.11,3.992,25.1029953595813,3.37685727149929,1,108.65773489870467
United States,2002,22.2863741094897,1.58603162650601,5.783,65.586,2.16,4.731,22.967181335596,2.82617111885407,1,128.88210147517893
United States,2003,22.6273130062789,2.27009497336115,5.989,65.22,1.96,5.783,22.2863741094897,1.58603162650601,1,135.51497759460432
United States,2004,24.4480622643257,2.67723669309172,5.529,65.001,1.79,5.989,22.6273130062789,2.27009497336115,1,135.1733362594568
United States,2005,25.6385530316517,3.3927468454955,5.084,65.049,1.75,5.529,24.4480622643257,2.67723669309172,1,130.34640361291724
United States,2006,26.9752780973197,3.22594410070404,4.623,65.175,1.7,5.084,25.6385530316517,3.3927468454955,1,124.70671064390898
United States,2007,28.0120176822667,2.85267248150138,4.622,64.994,1.55,4.623,26.9752780973197,3.22594410070404,1,129.47154572743668
United States,2008,29.8677957945319,3.839100296651,5.784,64.985,1.58,4.622,28.0120176822667,2.85267248150138,1,172.7553308755725
United States,2009,24.7595311689876,-0.355546266299747,9.254,64.368,1.71,5.784,29.8677957945319,3.839100296651,1,229.12470143781124
United States,2010,28.2198952346731,1.6400434423899,9.633,63.732,1.66,9.254,24.7595311689876,-0.355546266299747,1,271.84225079560593
United States,2011,30.8424862411943,3.156841568622,8.949,63.232,1.67,9.633,28.2198952346731,1.6400434423899,1,276.0094093724478
United States,2012,30.6818353657295,2.06933726526067,8.069,63.11,1.67,8.949,30.8424862411943,3.156841568622,1,247.57172956607138
United States,2013,30.0079539684645,1.46483265562717,7.375,62.735,1.67,8.069,30.6818353657295,2.06933726526067,1,221.30866051742566
United States,2014,30.0044781614855,1.62222297740817,6.168,62.447,1.69,7.375,30.0079539684645,1.46483265562717,1,185.0676213000426
United States,2015,27.8235649187872,0.118627135552451,5.28,62.267,1.69,6.168,30.0044781614855,1.62222297740817,1,146.90842277119643
United States,2016,26.6079620604584,1.26158320570536,4.869,62.431,1.65,5.28,27.8235649187872,0.118627135552451,1,129.55416727237196
United States,2017,27.3130208877206,2.13011000365961,4.355,62.548,1.66,4.869,26.6079620604584,1.26158320570536,1,118.94820596602322
United States,2018,27.6103792720958,2.44258329692817,3.896,62.592,1.59,4.355,27.3130208877206,2.13011000365961,1,107.57003764408523
United States,2019,26.4537594940475,1.81221007526021,3.669,62.848,13.78,3.896,27.6103792720958,2.44258329692817,1,97.05884358366028
United States,2020,23.4015629969394,1.23358439630629,8.055,61.556,1.52,3.669,26.4537594940475,1.81221007526021,1,188.49958994034685
United States,2021,25.6095576621932,4.69785886363742,5.349,61.501,1.47,8.055,23.4015629969394,1.23358439630629,1,136.98552393507143
United States,2022,27.3139397355363,8.00279982052121,3.65,61.794,1.49,5.349,25.6095576621932,4.69785886363742,1,99.6958800347075
Vietnam,1999,102.787406603958,4.11710235771736,2.33,74.509,19.2,2.29,97.0012485118429,7.2661980440096,0,0.0
Vietnam,2001,111.955937998525,-0.43154451172818,2.76,74.911,15.29,2.26,111.417094419512,-1.71033727851109,1,308.998388875929
Vietnam,2002,116.696868652499,3.83082838168467,2.12,74.416,14.73,2.76,111.955937998525,-0.43154451172818,1,247.3973615432979
Vietnam,2003,124.327954439125,3.23464817293927,2.25,74.096,11.79,2.12,116.696868652499,3.83082838168467,1,279.73789748803125
Vietnam,2004,133.016497868747,7.75494748709601,2.14,73.986,11.69,2.25,124.327954439125,3.23464817293927,1,284.6553054391186
Vietnam,2005,130.714846045026,8.28457243128677,2.078,74.247,11.35,2.14,133.016497868747,7.75494748709601,1,271.625450081564
Vietnam,2006,138.313621869598,7.41801715108463,2.046,74.596,10.21,2.078,130.714846045026,8.28457243128677,1,282.98967034519745
Vietnam,2007,154.605383996554,8.34444889773837,2.026,75.032,9.13,2.046,138.313621869598,7.41801715108463,1,313.23050797701836
Vietnam,2008,154.317479627758,23.1154483474477,1.889,75.587,5.03,2.026,154.605383996554,8.34444889773837,1,291.50571901683486
Vietnam,2009,134.706317721758,6.71698269988629,1.737,76.039,6.76,1.889,154.317479627758,23.1154483474477,1,233.98487388269368
Vietnam,2010,113.977687539714,9.20746648778413,1.114,76.268,5.02,1.737,134.706317721758,6.71698269988629,1,126.9711439192414
Vietnam,2012,123.224116745985,9.09470339557192,1.027,76.323,3.65,0.999,125.260577940829,18.6777322770707,1,126.55116789812658
Vietnam,2013,130.846354866743,6.59267475899192,1.316,77.234,3.54,1.027,123.224116745985,9.09470339557192,1,172.19380300463382
Vietnam,2014,135.410521454361,4.08455446637617,1.256,77.306,3.43,1.316,130.846354866743,6.59267475899192,1,170.07561494667743
Vietnam,2015,144.914228195237,0.631200905175754,1.848,77.43,3.14,1.256,135.410521454361,4.08455446637617,1,267.80149370479796
Vietnam,2016,145.409507973118,2.66824816969082,1.848,76.965,2.86,1.848,144.914228195237,0.631200905175754,1,268.7167707343221
Vietnam,2017,160.98008365887,3.52025688811617,1.874,77.2,2.69,1.848,145.409507973118,2.66824816969082,1,301.6766767767224
Vietnam,2018,164.663936775893,3.53962805942641,1.161,77.482,4.39,1.874,160.98008365887,3.52025688811617,1,191.17483059681177
Vietnam,2019,164.704215031408,2.7958236745225,1.681,76.615,1.66,1.161,164.663936775893,3.53962805942641,1,276.86778546779686
Vietnam,2020,163.245862814935,3.22093436652514,2.103,74.367,1.34,1.681,164.704215031408,2.7958236745225,1,343.30604949980835
Vietnam,2021,186.675832836814,1.83471554810444,2.383,73.738,1.17,2.103,163.245862814935,3.22093436652514,1,444.84850965012777
Vietnam,2022,183.153619147836,3.15650749963129,1.57,74.484,1.07,2.383,186.675832836814,1.83471554810444,1,287.5511820621025
